-- --------------------------------------------------------
-- Host:                         127.0.0.1
-- Versión del servidor:         8.0.30 - MySQL Community Server - GPL
-- SO del servidor:              Win64
-- HeidiSQL Versión:             12.1.0.6537
-- --------------------------------------------------------

/*!40101 SET @OLD_CHARACTER_SET_CLIENT=@@CHARACTER_SET_CLIENT */;
/*!40101 SET NAMES utf8 */;
/*!50503 SET NAMES utf8mb4 */;
/*!40103 SET @OLD_TIME_ZONE=@@TIME_ZONE */;
/*!40103 SET TIME_ZONE='+00:00' */;
/*!40014 SET @OLD_FOREIGN_KEY_CHECKS=@@FOREIGN_KEY_CHECKS, FOREIGN_KEY_CHECKS=0 */;
/*!40101 SET @OLD_SQL_MODE=@@SQL_MODE, SQL_MODE='NO_AUTO_VALUE_ON_ZERO' */;
/*!40111 SET @OLD_SQL_NOTES=@@SQL_NOTES, SQL_NOTES=0 */;

-- Volcando datos para la tabla foodcheck.web_alergeno: ~18 rows (aproximadamente)
DELETE FROM `web_alergeno`;
INSERT INTO `web_alergeno` (`id`, `nombre`, `imagen`) VALUES
	(1, 'huevos', '/static/imgs/intolerancias/huevo.png'),
	(2, 'lacteos', '/static/imgs/intolerancias/lacteos.png'),
	(3, 'gluten', '/static/imgs/intolerancias/gluten.png'),
	(4, 'sulfitos', '/static/imgs/intolerancias/sulfitos.png'),
	(5, 'soja', '/static/imgs/intolerancias/soja.png'),
	(6, 'frutos secos', '/static/imgs/intolerancias/frutos secos.png'),
	(7, 'apio', '/static/imgs/intolerancias/apio.png'),
	(8, 'pescado', '/static/imgs/intolerancias/pescado.png'),
	(9, 'moluscos', '/static/imgs/intolerancias/moluscos.png'),
	(10, 'crustaceos', '/static/imgs/intolerancias/marisco.png'),
	(11, 'gb', NULL),
	(12, 'sa', NULL),
	(13, 'cacahuetes', '/static/imgs/intolerancias/cacahuetes.png'),
	(14, 'sesamo', '/static/imgs/intolerancias/sesamo.png'),
	(15, 'ax', NULL),
	(16, 'mostaza', '/static/imgs/intolerancias/mostaza.png'),
	(17, 'sw', NULL),
	(18, 'altramuz', '/static/imgs/intolerancias/altramuz.png');

-- Volcando datos para la tabla foodcheck.web_producto: ~362 rows (aproximadamente)
DELETE FROM `web_producto`;
INSERT INTO `web_producto` (`id`, `nombre`, `imagen`, `ingredientes`, `marca`, `vegano`, `valoracionMedia`) VALUES
	(2904070000008, 'Tomate ensalada 1 kg aprox', 'https://static.carrefour.es/hd_510x_/img_pim_food/050265_00_1.jpg', 'Sin ingredientes', 'Desconocida', 1, 0),
	(2920710000009, 'Lomo de Atún 400 g aprox', 'https://static.carrefour.es/hd_510x_/img_pim_food/232145_00_1.jpg', 'Sin ingredientes', 'Desconocida', 1, 0),
	(2925035000000, 'Queso de Mezcla Semicurado Carrefour Classic cuña de 500 g aprox', 'https://static.carrefour.es/hd_510x_/img_pim_food/675133_00_1.jpg', 'LECHE pasteurizada de vaca (min. 60%), cabra (min. 17%) y oveja (mín. 12%), sal, estabilizante: cloruro cálcico, cuajo y fermentos lácticos. Corteza no comestible. En corteza: Conservadores (Pimaricina Sorbato potásico) y Colorantes Caramelo y Norbixina de bija).', 'CARREFOUR', 0, 0),
	(2925062000004, 'Queso de Oveja Curado Carrefour Classic cuña de 500 g aprox', 'https://static.carrefour.es/hd_510x_/img_pim_food/675437_00_1.jpg', 'LECHE cruda de oveja, sal, cuajo, estabilizante cloruro cálcico, conservador (nitrato potásico), fermentos Lácticos. Corteza no comestible. En corteza conservador ( sorbato potásico, natamicina), Lorante (norbixina de bija).', 'CARREFOUR', 0, 0),
	(2949515000007, 'Tomate rama Carrefour 1 kg aprox', 'https://static.carrefour.es/hd_510x_/img_pim_food/718723_00_1.jpg', 'Sin ingredientes', 'CARREFOUR', 1, 0),
	(2953577000004, 'Panecillo integral de trigo 30% 11 ud.', 'https://static.carrefour.es/hd_510x_/img_pim_food/361967_00_1.jpg', 'Harina de trigo, harina de trigo integral 30% del total de las harinas, agua, sal, levadura y enzimas.', 'CARREFOUR', 1, 0),
	(2953652000004, 'Pechuga de pollo en filetes Carrefour sin gluten y sin lactosa450 g aprox', 'https://static.carrefour.es/hd_510x_/img_pim_food/377487_00_1.jpg', 'Pechuga de pollo 95%, agua 4%, sal, fibras vegetales 1%, antioxidantes  (lactato potásico, ascorbato sódico y citrato trisódico), conservador (diacetato sódico) , estabilizanes  (carbonato sódico, carragenano y algas Euchema transformadas), azúcar, aromas, dextrosa, espesante (goma xantana), limón.', 'CARREFOUR', 0, 0),
	(2954266000008, 'Tomate rosa tip top granel 1 kg aprox', 'https://static.carrefour.es/hd_510x_/img_pim_food/476499_00_1.jpg', 'Sin ingredientes', 'Desconocida', 1, 0),
	(2976772000006, 'Solomillo de Pollo Marinado al Ajillo Coren 300 g aprox', 'https://static.carrefour.es/hd_510x_/img_pim_food/886081_00_1.jpg', 'Sin ingredientes', 'Desconocida', 1, 0),
	(2976928000003, 'Pollo certificado limpio Carrefour 2 kg', 'https://static.carrefour.es/hd_510x_/img_pim_food/887242_00_1.jpg', 'Sin ingredientes', 'CARREFOUR', 1, 0),
	(2976929000002, 'Pechuga de pollo certificado en filetes Carrefour 500 g aprox', 'https://static.carrefour.es/hd_510x_/img_pim_food/887244_00_1.jpg', 'Sin ingredientes', 'CARREFOUR', 1, 0),
	(2976931000007, 'Alas de Pollo Carrefour 500 g aprox', 'https://static.carrefour.es/hd_510x_/img_pim_food/887247_00_1.jpg', 'Sin ingredientes', 'CARREFOUR', 1, 0),
	(2981438000009, 'Trasero de Pollo Carrefour 1,5 kg aprox', 'https://static.carrefour.es/hd_510x_/img_pim_food/961472_00_1.jpg', 'Canal de pollo 100%', 'CARREFOUR', 0, 0),
	(2981439000008, 'Pechuga de pollo Carrefour 1,2 kg aprox', 'https://static.carrefour.es/hd_510x_/img_pim_food/961474_00_1.jpg', '100% pechuga de pollo', 'CARREFOUR', 0, 0),
	(2981440000004, 'Pechuga de pollo fileteada 1,4 kg aprox', 'https://static.carrefour.es/hd_510x_/img_pim_food/961475_00_1.jpg', 'Sin ingredientes', 'CARREFOUR', 1, 0),
	(2981441000003, 'Contramuslo de pollo Carrefour 1,2 kg aprox', 'https://static.carrefour.es/hd_510x_/img_pim_food/961476_00_1.jpg', 'Sin ingredientes', 'CARREFOUR', 1, 0),
	(2981591000007, 'Jamoncitos de pollo Carrefour 1,2 kg aprox', 'https://static.carrefour.es/hd_510x_/img_pim_food/962349_00_1.jpg', 'Sin ingredientes', 'CARREFOUR', 1, 0),
	(2989345000006, 'Pollo campero limpio Calidad y Origen Carrefour 1,8 kg aprox', 'https://static.carrefour.es/hd_510x_/img_pim_food/826990_00_1.jpg', 'Sin ingredientes', 'CYO', 1, 0),
	(2990072000009, 'Tomate azul a granel 500 g aprox', 'https://static.carrefour.es/hd_510x_/img_pim_food/841327_00_1.jpg', 'Sin ingredientes', 'Desconocida', 1, 0),
	(2991873000007, 'Pan bocata sin aditivos Carrefour 4 ud', 'https://static.carrefour.es/hd_510x_/img_pim_food/035496_00_1.jpg', 'harina trigo, agua, sal, levadura y enzimas', 'CARREFOUR', 1, 0),
	(2992801000007, 'Tomate corazón de buey Carrefour a granel 1 Kg aprox.', 'https://static.carrefour.es/hd_510x_/img_pim_food/143144_00_1.jpg', 'Sin ingredientes', 'CARREFOUR', 1, 0),
	(2994682000008, 'Pollo entero limpio ecológico Carrefour Bio 2 kg aprox', 'https://static.carrefour.es/hd_510x_/img_pim_food/333867_00_1.jpg', 'Pollo limpio entero ecológico', 'CARREFOUR', 0, 0),
	(2995944000002, 'Pan de Pueblo sin aditivos 1 ud.', 'https://static.carrefour.es/hd_510x_/img_pim_food/433734_00_1.jpg', 'harina de trigo, agua, sal y levadura.', 'CARREFOUR', 1, 0),
	(2996514000002, 'Pan de bocadillo pannier Carrefour 3 ud', 'https://static.carrefour.es/hd_510x_/img_pim_food/455697_00_1.jpg', 'harina de trigo, agua, masa madre inactiva de trigo (harina de trigo fermentada), sal, levadura, emulgente E472e, antioxidante E300 y enzimas.', 'CARREFOUR', 1, 0),
	(2996925000004, 'Tomate cherokee 500 g aprox', 'https://static.carrefour.es/hd_510x_/img_pim_food/477141_00_1.jpg', 'Sin ingredientes', 'Desconocida', 1, 0),
	(2999340000000, 'Queso de Oveja Viejo Carrefour Classic 350 g aprox', 'https://static.carrefour.es/hd_510x_/img_pim_food/675844_00_1.jpg', 'LECHE cruda de oveja, sal, cuajo, estabilizante: cloruro cálcico, conservador: nitrato potásico, FERMENTEOS LÁCTICOS. Corteza no comestible. En corteza: conservadores (sorbato potásico, natamicina) colorante (norbixina de bija).', 'CARREFOUR', 0, 0),
	(2999792000009, 'Tomate rosa Carrefour 500 g aprox', 'https://static.carrefour.es/hd_510x_/img_pim_food/646389_00_1.jpg', 'Sin ingredientes', 'CARREFOUR', 1, 0),
	(2999793000008, 'Tomate raff Carrefour 1 kg aprox', 'https://static.carrefour.es/hd_510x_/img_pim_food/646394_00_1.jpg', 'Sin ingredientes', 'CARREFOUR', 1, 0),
	(2999794000007, 'Tomate pera Carrefour 1 kg aprox', 'https://static.carrefour.es/hd_510x_/img_pim_food/646403_00_1.jpg', 'Sin ingredientes', 'CARREFOUR', 1, 0),
	(3023290400395, 'Yogur con bolitas cubiertas de chocolate Mix-in Nestlé Kit Kat pack de 2 unidades de 115 g.', 'https://static.carrefour.es/hd_510x_/img_pim_food/272202_00_1.jpg', 'Yogur azucarado (82,6%): leche pasteurizada (70%), azúcar (6,6%), leche desnatada en polvo, nata, proteínas lácteas, fermentos lácteos. Trocitos de galleta recubiertos de chocolate con leche (17,4%): azúcar, harina de trigo, leche desnatada en polvo, manteca de cacao, grasas vegetales (palma, shea), cacao, cacao desgrasado en polvo, grasa láctea, gelificantes (goma arábiga, goma laca), emulgente (lecitina de girasol), gasificante (carbonatos de sodio). Puede contener cacahuete, frutos de cáscara, soja y sésamo.', 'KIT KAT', 0, 0),
	(3560070045990, 'Galletas saladas Carrefour 350 g.', 'https://static.carrefour.es/hd_510x_/img_pim_food/523606_00_1.jpg', 'Harina de trigo, grasa vegetal (palma, oleína de palma, antioxidante: extracto rico en tocoferoles) jarabe de glucosa y fructosa de trigo, azúcar, extracto de malta, sal 1.4%, gasificantes: carbonato ácido de sodio y carbonato ácido de amonio, corrector de acidez: fosfato monocálcico, levadura, agente de tratamiento de la harina: metabisulfito sódico. Puede contener trazas de leche, huevo y granos de sésamo.', 'CARREFOUR', 0, 0),
	(3560070100453, 'Queso gouda holland en lonchas Carrefour 200 g.', 'https://static.carrefour.es/hd_510x_/img_pim_food/559857_00_1.jpg', 'leche de vaca pasteurizada, sal, fermentos lácticos, coagulante de leche microbiano', 'CARREFOUR', 0, 0),
	(3560070117185, 'Queso Roquefort D.O.P Extra Carrefour cuña 100 g', 'https://static.carrefour.es/hd_510x_/img_pim_food/683274_00_1.jpg', 'Leche cruda de oveja (Francia; 96%), sal (3.2%), cuajo de origen animal (0.025%, fermentos lácticos (trazas), Penicillium Roqueforti (trazas), levaduras (trazas).', 'CARREFOUR', 0, 0),
	(3560070119851, 'Queso rallado emmental Carrefour 200 g.', 'https://static.carrefour.es/hd_510x_/img_pim_food/520944_00_1.jpg', 'Queso Emmental 98% (leche de vaca pasteurizada, sal, fermentos lácteos, cuajo) antiaglomerante: almidón de patata.', 'CARREFOUR', 0, 0),
	(3560070143085, 'Patatas fritas corte fino especial horno Carrefour Classic\' 600 g.', 'https://static.carrefour.es/hd_510x_/img_pim_food/032292_00_1.jpg', 'Patatas 90%, aceite de girasol 5%, harina de trigo, harina de arroz, almidón de trigo no modificado, sal, extracto de levadura, dextrosa, extracto de especias (pimentón, cúrcuma), gasificantes difosfatos y carbonatos de sodio, estabilizante: goma xantana, antioxidante: extractos de romero', 'CARREFOUR', 0, 0),
	(3560070151691, 'Cereales con chocolate Fibra  Carrefour 500 g.', 'https://static.carrefour.es/hd_510x_/img_pim_food/668072_00_1.jpg', 'trigo integral 71%, copos de chocolate 17% (azúcar, pasta de cacao, manteca de cacao, emulgentes: lecitinas de girasol, aroma natural de vainilla y otros aromas naturales, azúcar, sal, extracto de malta de cebada.', 'CARREFOUR', 0, 0),
	(3560070157198, 'Queso rallado parmesano Carrefour 100 g.', 'https://static.carrefour.es/hd_510x_/img_pim_food/264543_00_1.jpg', 'Leche cruda de vaca, sal y cuajo.', 'CARREFOUR', 0, 0),
	(3560070219421, 'Queso emmental taco Carrefour 250 g', 'https://static.carrefour.es/hd_510x_/img_pim_food/681470_00_1.jpg', 'Leche de vaca, Sal, Fermentos lacticos y Cuajo.', 'CARREFOUR', 0, 0),
	(3560070246571, 'Queso rallado mozzarella Carrefour 200 g.', 'https://static.carrefour.es/hd_510x_/img_pim_food/710785_00_1.jpg', 'Leche, almidón de patata, sal, fermentos lácticos y cuajo microbiano', 'CARREFOUR', 0, 0),
	(3560070285846, 'Queso mozzarella Italiana Carrefour 125 g.', 'https://static.carrefour.es/hd_510x_/img_pim_food/510743_00_1.jpg', 'leche pasteurizada de vaca, sal, coagulante de leche microbiano, corrector de acidez: ácido cítrico. 18% MG', 'CARREFOUR', 0, 0),
	(3560070385782, 'Cereales con chocolate Stylesse Carrefour 500 g.', 'https://static.carrefour.es/hd_510x_/img_pim_food/166226_00_1.jpg', 'Sin ingredientes', 'CARREFOUR', 1, 0),
	(3560070417933, 'Queso edam en lonchas Carrefour 200 g.', 'https://static.carrefour.es/hd_510x_/img_pim_food/559836_00_1.jpg', 'Leche pasteurizada de vaca, sal, fermentos lácticos, coagulante de leche microbiano.', 'CARREFOUR', 0, 0),
	(3560070418053, 'Queso mozzarella en lonchas Carrefour 200 g.', 'https://static.carrefour.es/hd_510x_/img_pim_food/695564_00_1.jpg', 'Leche pasteurizada de vaca, sal, fermentos lácticos, coagulante de leche microbiano.', 'CARREFOUR', 0, 0),
	(3560070418084, 'Queso havarti en lonchas Carrefour 200 g.', 'https://static.carrefour.es/hd_510x_/img_pim_food/695558_00_1.jpg', 'Leche, sal, fermentos lácticos y cuajo microbiano,', 'CARREFOUR', 0, 0),
	(3560070466894, 'Cereales de maíz Corn Flakes 500 g.', 'https://static.carrefour.es/hd_510x_/img_pim_food/226285_00_1.jpg', 'Copos de maíz 91%, azúcar, extracto natural de malta de cebada', 'PRODUCTO BLANCO', 1, 0),
	(3560070468751, 'Espaguetis Carrefour 1 kg.', 'https://static.carrefour.es/hd_510x_/img_pim_food/226608_00_1.jpg', 'Semola de trigo duro. Puede contener trazas de huevo.', 'CARREFOUR', 0, 0),
	(3560070468782, 'Espaguetis Carrefour 500 g.', 'https://static.carrefour.es/hd_510x_/img_pim_food/229736_00_1.jpg', 'Sémola de trigo duro. Puede contener trazas de huevo.', 'CARREFOUR', 0, 0),
	(3560070468843, 'Fideuá Carrefour 500 g.', 'https://static.carrefour.es/hd_510x_/img_pim_food/229667_00_1.jpg', 'Sémola de trigo duro. Puede contener trazas de huevo.', 'CARREFOUR', 0, 0),
	(3560070468966, 'Macarrones Carrefour 1 kg.', 'https://static.carrefour.es/hd_510x_/img_pim_food/226607_00_1.jpg', 'Sémola de trigo duro. Puede contener trazas de huevo.', 'CARREFOUR', 0, 0),
	(3560070468997, 'Macarrones Carrefour 500 g.', 'https://static.carrefour.es/hd_510x_/img_pim_food/229760_00_1.jpg', 'Sémola de trigo duro. Puede contener trazas de huevo.', 'CARREFOUR', 0, 0),
	(3560070469024, 'Maravilla Carrefour 500 g.', 'https://static.carrefour.es/hd_510x_/img_pim_food/229681_00_1.jpg', 'Sémola de trigo duro. Puede contener trazas de huevo.', 'CARREFOUR', 0, 0),
	(3560070469055, 'Tiburón Carrefour 500 g.', 'https://static.carrefour.es/hd_510x_/img_pim_food/229700_00_1.jpg', 'Sémola de trigo duro. Puede contener trazas de huevo.', 'CARREFOUR', 0, 0),
	(3560070489442, 'Fideo cabellín Carrefour 500 g.', 'https://static.carrefour.es/hd_510x_/img_pim_food/229799_00_1.jpg', 'Sémola de trigo duro. Puede contener trazas de huevo.', 'CARREFOUR', 0, 0),
	(3560070514786, 'Queso grana padano D.O.P. Carrefour 200 g', 'https://static.carrefour.es/hd_510x_/img_pim_food/688602_00_1.jpg', 'Leche de vaca, sal y cuajo. Conservante : Lisozima de Huevo.', 'CARREFOUR', 0, 0),
	(3560070596386, 'Caldo de pollo Carrefour sin gluten brik 1 l.', 'https://static.carrefour.es/hd_510x_/img_pim_food/691775_00_1.jpg', 'Agua, pollo 2% (carne de pollo 890%) y grasa de pollo (10%)), hortalizas en proporción variable (1,7%)(patata, zanahoria, cebolla, puerro y apio), sal, extracto de levadura, aroma (contiene huevo, leche y apio), aceite de oliva virgen extra (0,1%) y pimentón. Puede contener trazas de soja, pescado y crustáceos.', 'CARREFOUR', 0, 0),
	(3560070687145, 'Patatas congeladas extra finas Carrefour 1 kg.', 'https://static.carrefour.es/hd_510x_/img_pim_food/519612_00_1.jpg', 'Patatas 96%, aceite de girasol 4%, dextrosa de trigo.', 'CARREFOUR', 0, 0),
	(3560070699223, 'Patatas fritas clásicas Carrefour Classic\' 2,5 kg.', 'https://static.carrefour.es/hd_510x_/img_pim_food/191326_00_1.jpg', 'Patatas 97%, aceite de girasol 3%, dextrosa', 'CARREFOUR', 0, 0),
	(3560070699377, 'Patatas prefritas con piel Carrefour 600 g.', 'https://static.carrefour.es/hd_510x_/img_pim_food/688195_00_1.jpg', 'Patatas 90%, aceite de girasol 6%, rebozado 4% (harina de trigo, sal, almidón de patata, ajo en polvo, cebolla en polvo, grasificantes: difosfato disódico - crbonato ácido de sodio, extracto de pimentón.', 'CARREFOUR', 1, 0),
	(3560070806669, 'Patatas fritas clásicas Carrefour 1 kg.', 'https://static.carrefour.es/hd_510x_/img_pim_food/776730_00_1.jpg', 'Patatas 97%, aceite de girasol 3%, dextrosa de trigo', 'CARREFOUR', 0, 0),
	(3560070811540, 'Tomate triturado Carrefour 780 g.', 'https://static.carrefour.es/hd_510x_/img_pim_food/888527_00_1.jpg', 'Tomate (99.4%), sal, acidulante: ácido citrico', 'CARREFOUR', 1, 0),
	(3560070820313, 'Pizza barbacoa Carrefour 350 g.', 'https://static.carrefour.es/hd_510x_/img_pim_food/908594_00_1.jpg', 'Guarnición: Concentrado de tomate, filete de pechuga de pollo asado en salazón 10% (filete de pechuga de pollo, sal, dextrosa). pimientos rojos y verdes 8,6%, queso edam 5%, bacon ahumado 4,3% (carne de cerdo, sal,(..) extractos de romero, conservador, nitrito sódico) carne de vacuno 4,35, azúcar, aceite de colza, vinagre de alcohol, pimentón en polvo, sal, especias (pimienta negra, pimentón, pimiento de cayena, nuez moscada), plantas aromáticas (ajo, cebolla, tomillo, orégano, levístico, perejil, cilantro, romero), aceite de girasol. Masa: harina de trigo, agua, aceite de colza, levadura, sal, azúcar. Puede contener apio.', 'CARREFOUR', 0, 0),
	(3560070821327, 'Estrellas Carrefour 500 g.', 'https://static.carrefour.es/hd_510x_/img_pim_food/879182_00_1.jpg', 'Sémola de trigo duro. Puede contener trazas de huevo.', 'CARREFOUR', 0, 0),
	(3560070826292, 'Arroz largo vaporizado Carrefour 1 kg.', 'https://static.carrefour.es/hd_510x_/img_pim_food/523827_00_1.jpg', 'Arroz de grano largo parboiled. Categoria I', 'CARREFOUR', 1, 0),
	(3560070937868, 'Patatas fritas especial horno Carrefour Classic\' 600 g.', 'https://static.carrefour.es/hd_510x_/img_pim_food/924179_00_1.jpg', 'Patatas 90%. aceite de girasol 5%. harina de trigo, harina de arroz, almidón de trigo no modificado, sal, extracto de levadura, dextrosa, extracto de especias (pimentón, cúrcuma), gasificantes: difosfatos y carbonatos de sodio, estabilizante, goma xantana, antioxidante: extractos de romero', 'CARREFOUR', 0, 0),
	(3560070950317, 'Galletas de mantequilla con tableta de chocolate blanco Carrefour 150 g.', 'https://static.carrefour.es/hd_510x_/img_pim_food/309989_00_1.jpg', 'Chocolate blanco 48% (azúcar, manteca de cacao, leche en polvo entero, suero de leche en polvo, emulgente: lecitina de girasol, aromas), harina de trigo, azúcar, mantequilla 6,5%, sirope de glucosa-fructosa, sal, agente de levadura: carbonato de amonio, carbonato de sodio, difosfatos, acidulante: ácido cítrico.', 'CARREFOUR', 0, 0),
	(3560071011222, 'Atún en aceite de oliva pack de 6 latas de 52 g.', 'https://static.carrefour.es/hd_510x_/img_pim_food/028289_00_1.jpg', 'Atún listado (katsuwonus pelamis), aceite de oliva 33.5%, sal.', 'PRODUCTO BLANCO', 1, 0),
	(3560071012748, 'Atún en aceite de girasol 650 g.', 'https://static.carrefour.es/hd_510x_/img_pim_food/232191_00_1.jpg', 'Atún (Katsuwonus pelamis), aceite de girasol 33,5% y sal,', 'PRODUCTO BLANCO', 1, 0),
	(3560071084196, 'Atún en aceite de oliva 650 g.', 'https://static.carrefour.es/hd_510x_/img_pim_food/822490_00_1.jpg', 'Atún listado (Katsuwonus pelamis), aceite de oliva 11,8%, sal,', 'PRODUCTO BLANCO', 1, 0),
	(3560071084202, 'Atún en aceite de girasol pack de 6 latas de 52 g.', 'https://static.carrefour.es/hd_510x_/img_pim_food/827717_00_1.jpg', 'Atún listado (Katsuwonus pelamis), aceite de girasol 24,2%, sal,', 'SIMPL', 1, 0),
	(3560071085865, 'Atún claro en aceite de oliva Carrefour 73 g.', 'https://static.carrefour.es/hd_510x_/img_pim_food/841042_00_1.jpg', 'Atún claro (Thunnus albacares), aceite de oliva 29%, sal,', 'CARREFOUR', 1, 0),
	(3560071085872, 'Atún claro al natural Carrefour pack de 6 latas de 56 g.', 'https://static.carrefour.es/hd_510x_/img_pim_food/841527_00_1.jpg', 'Atún claro (Thunnus albacares), agua y sal,', 'CARREFOUR', 1, 0),
	(3560071092801, 'Pizza 4 quesos Carrefour 340 g.', 'https://static.carrefour.es/hd_510x_/img_pim_food/841129_00_1.jpg', 'Harina de trigo, puré de tomate 20,5%, edam 11%, mozzarella 11%, agua, nata, aceite de colza, emmental 4,4%, levadura, nata, queso azul 0,8%, sal, azúcar, almidones, plantas aromáticas, almidón de trigo, especias, ajo. Puede contener trazas de apio.', 'CARREFOUR', 0, 0),
	(3560071094935, 'Arroz categoría primera Carrefour 1 kg. ', 'https://static.carrefour.es/hd_510x_/img_pim_food/101424_00_1.jpg', 'Arroz de grano semilargo.', 'CARREFOUR', 1, 0),
	(3560071094942, 'Arroz largo categoría primera Carrefour 1 kg.', 'https://static.carrefour.es/hd_510x_/img_pim_food/197726_00_1.jpg', 'Arroz de grano largo', 'CARREFOUR', 1, 0),
	(3560071151478, 'Pizza de mozzarella Carrefour 340 g.', 'https://static.carrefour.es/hd_510x_/img_pim_food/841126_00_1.jpg', 'Harina de trigo, puré de tomate 19,6%, mozzarella 14,4%, tomates cherry 8,2%, agua, queso 7%, aceite de colza, edam 3,5%, levadura, plantas aromáticas, espinacas 0,6%, sal, azúcar, especias, ajo, almidón, almidón de trigo, dextrosa, proteínas de trigo, chirivía. Puede contener trazas de apio.', 'CARREFOUR', 0, 0),
	(3560071162146, 'Huevas negras de lumpo procedente de pesca sostenible Carrefour 80 g.', 'https://static.carrefour.es/hd_510x_/img_pim_food/836485_00_1.jpg', 'Huevas de lumpo (pescado) 82% (Cyclopterus lumpus), agua, sal, espesante: goma xantana, acidulante: ácido cítrico, conservador: benzoato sódico, colorantes: negro brillante PN y caramelo de sulfito amónico.', 'CARREFOUR', 0, 0),
	(3560071165710, 'Arroz tres colores Carrefour 1 kg.', 'https://static.carrefour.es/hd_510x_/img_pim_food/005010_00_1.jpg', 'arroz largo parboiled, arroz cargo rojo y arroz salvaje (se corresponde a una variedad de graminea en realidad)', 'CARREFOUR', 1, 0),
	(3560071175634, 'Atún claro en aceite de girasol Carrefour pack de 8 latas de 52 g.', 'https://static.carrefour.es/hd_510x_/img_pim_food/251199_00_1.jpg', 'Sin ingredientes', 'CARREFOUR', 1, 0),
	(3560071175665, 'Atún claro en aceite de oliva Classic Carrefour pack de 8 latas de 52 g.', 'https://static.carrefour.es/hd_510x_/img_pim_food/251204_00_1.jpg', 'Atún claro(Thunnus albacares), aceite de oliva, sal', 'CARREFOUR', 1, 0),
	(3560071192396, 'Cerveza Carrefour Especial pack de 12 latas de 33 cl.', 'https://static.carrefour.es/hd_510x_/img_pim_food/284029_00_1.jpg', 'Agua, malta de cebada, maíz, cebada, lúpulo.', 'CARREFOUR', 1, 0),
	(3560071221478, 'Tallarines Carrefour 1 kg.', 'https://static.carrefour.es/hd_510x_/img_pim_food/325856_00_1.jpg', 'Sémola de trigo duro. Puede contener trazas de huevo.', 'CARREFOUR', 0, 0),
	(3560071267575, 'Cereales ecológicos Corn Flakes Carrefour Bio 500 g.', 'https://static.carrefour.es/hd_510x_/img_pim_food/809740_00_1.jpg', 'Maíz eco (94%), extracto de malta de cebada eco, sal marina, emulgente: lecitinas de girasol eco. Puede contener trazas de cacahuetes, frutos de cáscara, productos lácteos, productos a base de soja y semillas de sésamo. ', 'CARREFOUR BIO', 0, 0),
	(3560071273958, 'Tomate triturado Carrefour lata de 390 g.', 'https://static.carrefour.es/hd_510x_/img_pim_food/245631_00_1.jpg', 'Tomate (99,4%), sal, acidulante: ácido cítrico', 'CARREFOUR', 1, 0),
	(3560071322304, 'Cerveza Koenigsbier lata 33 cl.', 'https://static.carrefour.es/hd_510x_/img_pim_food/390311_00_1.jpg', 'Ingredidientes: Agua, malta de CEBADA, jarabe de glucosa, extracto de lúpulo.', 'KOENIGSBIER', 1, 0),
	(3560071435301, 'Huevas rojas de lumpo procedente de pesca sostenible Carrefour 80 g', 'https://static.carrefour.es/hd_510x_/img_pim_food/599080_00_1.jpg', 'Huevas de lumpo (pescado) 82% (Cyclopterus lumpus), agua, sal, espesante: goma xantana, acidulante: ácido cítrico, aroma, conservador: benzoato sódico, colorantes: extracto de pimentón y carmines.', 'CARREFOUR', 0, 0),
	(3560071467272, 'Cerveza rubia clásica Carrefour lata 33 cl', 'https://static.carrefour.es/hd_510x_/img_pim_food/064042_00_1.jpg', 'Agua, malta de cebada, maíz, cebada, lúpulo.', 'CARREFOUR', 1, 0),
	(3700123300137, 'Agua mineral Nestlé Aquarel tapón deportivo 33 cl.', 'https://static.carrefour.es/hd_510x_/img_pim_food/263534_00_1.jpg', 'Sin ingredientes', 'AQUAREL', 1, 0),
	(3700123300175, 'Agua mineral Aquarel 5 l.', 'https://static.carrefour.es/hd_510x_/img_pim_food/263539_00_1.jpg', 'Sin ingredientes', 'AQUAREL', 1, 0),
	(3700123302520, 'Agua mineral Nestlé Aquarel 2 l.', 'https://static.carrefour.es/hd_510x_/img_pim_food/594320_00_1.jpg', 'Sin ingredientes', 'AQUAREL', 1, 0),
	(4001724038870, 'Pizza Quattro Formaggi Ristorante Dr. Oetker 340 g', 'https://static.carrefour.es/hd_510x_/img_pim_food/626468_00_1.jpg', 'Harina de trigo, 13% tomates tamizados, 10% queso mozzarella, 10% queso edam , agua, nata para montar, 6,6% concentrado de tomate, 4,2% queso emmental, aceite refinado de nabina, levadura, 0,8% queso azúl, sal, azúcar, albahaca, salsa de soja (agua, habas de soja, sal, harina de trigo), aceite de oliva virgen extra, almidón modificado, especias, orégano, ajo.', 'RISTORANTE', 0, 0),
	(4003994153857, 'Cereales con chocolate Chocos Krispies Kellogg\'s 450 g.', 'https://static.carrefour.es/hd_510x_/img_pim_food/020240_00_1.jpg', 'Harina de TRIGO(66%), Azúcar, Chocolate en polvo (11%)(azúcar, cacao en polvo), Cacao desgrasado en polvo, Jarabe de glucosa, Sal, Canela, Aroma natural. Vitaminas y Minerales: Niacina, Hierro, Vitamina B6, Riboflavina (B2), Tiamina (B1), Ácido fólico, Vitamina B12, Vitamina D', 'KELLOGG`S', 1, 0),
	(4066600601920, 'Cerveza Paulaner Weissbier lata 50 cl.', 'https://static.carrefour.es/hd_510x_/img_pim_food/723965_00_1.jpg', 'Agua, malta de trigo (de alta calidad alemana y francesa mezcladas), malta de cebada, extracto de lúpulo, lúpulo pellet (sólo lúpulo de Baviera de la zona Hallertau) y levadura. Este producto se elabora con malta de cebada y de trigo. Contiene gluten.', 'PAULANER', 1, 0),
	(5010029227062, 'Cereales de trigo y arroz sabor cacao y vainilla Oreo O\'s 350 g.', 'https://static.carrefour.es/hd_510x_/img_pim_food/616637_00_1.jpg', 'Harinas de cereales (66%)(trigo (45%), arroz (21%)), azúcar, cacao desgrasado en polvo, Oreo triturado (2,8%) (harina de trigo, azúcar, aceite de nabina, cacao desgrasado en polvo (0.2%), jarabe de glucosa y fructosa, almidón de trigo, levaduras (carbonato de potasio, carbonato de amonio, carbonato de sodio), aceite de palma, sal,emulsionante:Lecitina de soja, aromatizante), almidón de trigo (2.5%), aromatizantes, sal, niacina, hierro, riboflavina (B2), vitamina B6, tiamina (B1), ácido fólico, vitamina D, vitamina B12. Los cereales contienen gluten.Puede contener: frutos secos, leche', 'OREO', 0, 0),
	(5050083313509, 'Cereales de arroz, trigo y cebada integral con chocolate negro Special K Kellogg\'s 550 g.', 'https://static.carrefour.es/hd_510x_/img_pim_food/651784_00_1.jpg', 'INGREDIENTES: Arroz (41%), TRIGO integral (32%), chocolate negro (13%) (pasta de cacao, azúcar, grasa de LECHE, emulgente {lecitina de girasol}), azúcar, CEBADA (4%), harina de malta de CEBADA, sal, extracto de malta de CEBADA, niacina, hierro, zinc, riboflavina, tiamina, vitamina B6, ácido fólico, vitamina D, vitamina B12.', 'KELLOGG`S', 0, 0),
	(5053827139335, 'Cereales con chocolate belga All Bran Kellogg\'s 375 g.', 'https://static.carrefour.es/hd_510x_/img_pim_food/909046_00_1.jpg', 'INGREDIENTES: TRIGO integral (77%), chocolate (17%) (azúcar, pasta de cacao, manteca de cacao, grasa de LECHE, emulgente {lecitina de SOJA}, aroma natural de vainilla), azúcar, cacao en polvo, aroma, antioxidantes (palmitato de ascorbilo, alfa-tocoferol).', 'ALL BRAN KELLOGG\'S', 0, 0),
	(5053827176057, 'Cereales con chocolate y nueces Krave Kellogg\'s 600 g.', 'https://static.carrefour.es/hd_510x_/img_pim_food/283293_00_1.jpg', 'Harina de cereales [trigo 26%, avena (17%) y arroz (11%)], azúcar, aceites vegetales (colza, palma), chocolate (4%) (azúcar, pasta de cacao), maltodextrina, cacao desgrasado en polvo, avellanas (2%), leche desnatada en polvo, suero de leche en polvo, sal, emulgente (lecitina de girasol), colorantes (carotenos, annato), aroma natural, antioxidante (palmitato de ascorbilo, alfa tocoferol). Vitaminas y minerales: niacina, hierro, vitamina B6, riboflavina (B2), tiamina (B1), ácido fólico, vitamina (B12).', 'KRAVE', 0, 0),
	(5059319025681, 'Cereales de arroz, trigo y cebada integral Special K Kellogg\'s 700 g.', 'https://static.carrefour.es/hd_510x_/img_pim_food/559238_00_1.jpg', 'Ingredientes: Arroz (47%), TRIGO integral (37%), azúcar, CEBADA (5%), harina de malta de CEBADA, sal, extracto de malta de CEBADA, niacina, hierro, riboflavina, tiamina, vitamina B6, ácido fólico, vitamina D, vitamina B12.', 'KELLOGG`S', 1, 0),
	(5410126006339, 'Galletas caramelizadas Biscoff Lotus 124 g.', 'https://static.carrefour.es/hd_510x_/img_pim_food/793983_00_1.jpg', 'Harina de trigo, azúcar, aceites vegetales  (palma de plantaciones sostenibles y certificadas, nabina), jarabe de azúcar moreno, levadura en polvo (bicarbonato sódico), harina de soja, sal, especia (canela).Contiene: trigo, soja.', 'LOTUS', 1, 0),
	(5760725231244, 'Alas de Pollo Congeladas 1 kg', 'https://static.carrefour.es/hd_510x_/img_pim_food/413309_00_1.jpg', 'Alas de pollo.', 'Desconocida', 0, 0),
	(5760725231268, 'Jamoncitos de Pollo Congelado 1 kg', 'https://static.carrefour.es/hd_510x_/img_pim_food/413333_00_1.jpg', 'Jamoncitos de pollo. Clase A.', 'Desconocida', 0, 0),
	(5760725231282, 'Cuartos de Pollo Congelado 2 kg', 'https://static.carrefour.es/hd_510x_/img_pim_food/413317_00_1.jpg', 'Pierna de pollo entera. Clase A.', 'Desconocida', 0, 0),
	(5900020036988, 'Cereales anillos de avena integral Cheerios Nestlé 300 g.', 'https://static.carrefour.es/hd_510x_/img_pim_food/630638_00_1.jpg', 'Harina integral de avena (90,9%), azúcar, almidón de trigo, carbonato cálcico, sal, jarabe de azúcar invertido, corrector de acidez (fosfato potásico), melazas, aceite de girasol, antioxidante (extracto rico en tocoferoles), hierro, vitamina C, niacina, ácido pantoténico, ácido fólico, vitamina B6, riboflavina y vitamina D. Puede contener leche y frutos de cáscara.', 'NESTLE', 0, 0),
	(7613031236480, 'Café soluble natural Nescafé Classic 300 g.', 'https://static.carrefour.es/hd_510x_/img_pim_food/643314_00_1.jpg', 'Café soluble', 'NESCAFE', 1, 0),
	(7613031421459, 'Cereales integrales de chocolate Chocapic Nestlé 750 g.', 'https://static.carrefour.es/hd_510x_/img_pim_food/796103_00_1.jpg', 'Trigo integral (35%), chocolate en polvo (22,5%) [azúcar, cacao en polvo (7,2%)], harina de trigo (17%), sémola de maíz (15,2%), jarabe de glucosa  deshidratado, azúcar, extracto de malta de cebada (cebada, malta de cebada), contiene aceite de girasol y/o palma, carbonato cálcico, emulgente (lecitinas), sal, aromas naturales, hierro, niacina, ácido pantoténico, vitamina D, vitamina B6, tiamina,  riboflavina, ácido fólico. Puede contener leche y frutos de cáscara.', 'CHOCAPIC', 0, 0),
	(7613031915095, 'Cereales variados Nestlé 190 g.', 'https://static.carrefour.es/hd_510x_/img_pim_food/855871_00_1.jpg', 'COOKIE CRISP: Cereales 65% [harina de trigo integral (35%), sémola de maíz (28,6%), harina de trigo (1,4%), azúcar, jarabe de glucosa, almidón de trigo, azúcar moreno, aceite de girasol, vitaminas y minerales (carbonato cálcico, vitamina D, riboflavina, niacina, vitamina B6, ácido fólico, ácido pantoténico, hierro), cacao desgrasado en polvo (1,2%), sal, azúcar en polvo, cacao en polvo (0,5%), aroma, gasificante (carbonatos de sodio) corrector de acidez (fosfatos de potasio), almidón de maíz. Puede contener leche, cacahuete y frutos secos.LION: Cereales 60,6% [harina de trigo integral (38,9%), harina de trigo (18,5%), harina de arroz (3,2%)], azúcar, jarabe de glucosa, crema de caramelo (6,3%) [leche condensada, azúcar, jarabe de glucosa, jarabe de azúcar caramelizado, sal], aceite de girasol, chocolate (4,1%) (azúcar, cacao, cacao desgrasado), vitaminas y minerales (vitamina D, tiamina, riboflavina, niacina, vitamina B6, ácido fólico, ácido pantoténico, carbonato cálcico, hierro), sal, aromas, emulgente (lecitina de girasol), jarabe de azúcar caramelizado. Puede contener cacahuete y frutos secos.CHOCAPIC: Cereales (62,3%) [harina integral de trigo (31,9%), harina de trigo (16%), sémola de maíz (14,4%)], chocolate en polvo (22,2%) (azúcar, cacao), azúcar, jarabe de glucosa, extracto de malta de cebada (cebada, malta de cebada), aceite de girasol, vitaminas y minerales (D, tiamina, riboflavina, niacina, B6, ácido fólico, ácido pantoténico, carbonato cálcico, hierro), emulgente (lecitina de girasol), sal, aromas naturales. Puede contener leche, cacahuete y frutos secos.CRUNCH: Cereales (62,8%) [trigo integral (31,5%), harina de arroz (22,8%), sémola de maíz (8,5%)], azúcar, chocolate (12,6%) (cacao desgrasado en polvo, azúcar, cacao), jarabe de glucosa, aceite de girasol, jarabe de azúcar moreno parcialmente invertido, vitaminas y minerales (vitamina D, tiamina, riboflavina, niacina, vitamina B6, ácido fólico, ácido pantoténico, carbonato cálcico, hierro), emulgente (', 'NESTLE', 0, 0),
	(7613032216764, 'Café soluble natural Nescafé Classic 200 g.', 'https://static.carrefour.es/hd_510x_/img_pim_food/001720_00_1.jpg', 'Café soluble.', 'NESCAFE', 1, 0),
	(7613032372378, 'Pizza de jamón y queso fina y crujiente Forno Di Pietra Buitoni 350 g.', 'https://static.carrefour.es/hd_510x_/img_pim_food/795427_00_1.jpg', 'Harina de trigo, tomate (20%), queso mozzarella (15%) (leche, sal, cuajo, fermentos lácticos), agua, jamón cocido (11%) [jamón, agua, sal, dextrosa, estabilizantes (ácido cítrico y trifosfato), extractos de especias, antioxidante (ácido ascórbico), humo, conservador (nitrito sódico)], queso emmental (5%), leche, aceite de girasol, crema de queso (leche, fermentos lácticos, sal, cuajo), levadura, leche en polvo, sal, azúcar, harina de trigo malteada, almidón de maíz, especias y plantas aromáticas, vinagre de vino blanco, emulgente (lecitina de girasol), mosto de uva. Puede contener crustáceos, huevo, pescado, soja, frutos secos, apio, mostaza, sésamo, altramuz y moluscos. ', 'BUITONI', 0, 0),
	(7613033213342, 'Cereales con chocolate negro Nestlé Fitness 540 g.', 'https://static.carrefour.es/hd_510x_/img_pim_food/406173_00_1.jpg', 'Trigo integral (40,3%), arroz (29,5%), chocolate negro (20,5%) [cacao (11,3%), azúcar, grasa láctea, emulgente (lecitina de soja), aroma natural de vainilla], azúcar, copos de avena integral (5,6%), jarabe de azúcar invertido, extracto de malta de cebada (cebada, malta de cebada), carbonato cálcico, sal, jarabe de glucosa, agentes de recubrimiento (goma arábiga, polidextrosa), melazas, antioxidante (extracto rico en tocoferoles), hierro, niacina, ácido pantoténico, vitamina B6, riboflavina, ácido fólico. Puede contener cacahuete y frutos de cáscara.', 'NESTLE', 0, 0),
	(7613034240989, 'Cereales integrales con chocolate y caramelo Lion Nestlé 675 g.', 'https://static.carrefour.es/hd_510x_/img_pim_food/460037_00_1.jpg', 'Trigo integral (41,3%), harina de trigo (22,9%), azúcar, jarabe de glucosa, aceite de palma, chocolate (3,0%) (cacao desgrasado en polvo, cacao, azúcar), leche condensada (leche, azúcar), carbonato cálcico, sal, aromas naturales, emulgente (lecitinas), jarabe de azúcar caramelizado, hierro, niacina, ácido pantoténico, vitamina D, vitamina B6, tiamina, riboflavina, ácido fólico.?Puede contener cacahuete y frutos de cáscara', 'NESTLE', 0, 0),
	(7613036039468, 'Café Molido Natural Cultivo Sostenible Nestlé Bonka 500 g.', 'https://static.carrefour.es/hd_510x_/img_pim_food/371977_00_1.jpg', 'Café molido de tueste natural.', 'BONKA', 1, 0),
	(7613036039499, 'Café Molido Nezcla Nestlé Bonka Cultivo Sostenible 500 g.', 'https://static.carrefour.es/hd_510x_/img_pim_food/372000_00_1.jpg', 'café y jarabe de glucosa', 'BONKA', 1, 0),
	(7622210293381, 'Chocolate con leche relleno de galleta Oreo Milka 300 g.', 'https://static.carrefour.es/hd_510x_/img_pim_food/264691_00_1.jpg', 'Ingredientes: Azúcar, grasas vegetales (palma, palmiste), harina de TRIGO, LECHE desnatada en polvo, manteca de cacao, pasta de cacao, suero de LECHE en polvo, grasa de LECHE, cacao magro en polvo (1 %), almidón de TRIGO, jarabe de glucosa, emulgente (lecitinas de SOJA), pasta de AVELLANA, gasificantes (E501, E500, E503), sal, aromas, corrector de acidez (E524). 7 % de leche desnatada en polvo en el relleno cremoso lácteo.PUEDE CONTENER OTROS FRUTOS DE CÁSCARA.', 'MILKA', 0, 0),
	(7622300744663, 'Galletas de chocolate rellenas de crema Oreo 220 g.', 'https://static.carrefour.es/hd_510x_/img_pim_food/390784_00_1.jpg', 'Ingredientes: Harina de TRIGO, azúcar, grasa de palma, aceite de nabina, cacao magro en polvo 4,3 %, almidón de TRIGO, jarabe de glucosa y fructosa, gasificantes (carbonatos de amonio, carbonatos de potasio, carbonatos de sodio), sal, emulgente (lecitinas de SOJA), corrector de acidez (hidróxido sódico), aroma. PUEDE CONTENER LECHE.', 'OREO', 0, 0),
	(8000070012837, 'Café molido natural espresso Lavazza 250 g.', 'https://static.carrefour.es/hd_510x_/img_pim_food/795951_00_1.jpg', 'Café molido de tueste natural.', 'LAVAZZA', 1, 0),
	(8000070038868, 'Café molido natural crema e gusto Lavazza 250 g.', 'https://static.carrefour.es/hd_510x_/img_pim_food/789086_00_1.jpg', 'Café molido de tueste natural.', 'LAVAZZA', 1, 0),
	(8000139910142, 'Espaguetis Garofalo 500 g.', 'https://static.carrefour.es/hd_510x_/img_pim_food/891485_00_1.jpg', 'Sémola de trigo duro Contiene gluten', 'GAROFALO', 1, 0),
	(8000139910197, 'Pasta rigatoni Garofalo 500 g.', 'https://static.carrefour.es/hd_510x_/img_pim_food/982057_00_1.jpg', 'Sémola de trigo duro Contiene glutenn', 'GAROFALO', 1, 0),
	(8000139910234, 'Pasta penne ziti rigate Garofalo 500 g.', 'https://static.carrefour.es/hd_510x_/img_pim_food/891487_00_1.jpg', 'Sémola de trigo duro Contiene gluten', 'GAROFALO', 1, 0),
	(8000139910258, 'Pasta mafalda corta Garofalo 500 g.', 'https://static.carrefour.es/hd_510x_/img_pim_food/891469_00_1.jpg', 'Sémola de trigo duro Contiene gluten', 'GAROFALO', 1, 0),
	(8000139910265, 'Radiatori Garofalo 500 g.', 'https://static.carrefour.es/hd_510x_/img_pim_food/891429_00_1.jpg', 'Sémola de trigo duro Contiene gluten', 'GAROFALO', 1, 0),
	(8000500014455, 'Huevo de chocolate con sorpresa Kinder Sorpresa sin gluten 6 ud.', 'https://static.carrefour.es/hd_510x_/img_pim_food/207795_00_1.jpg', 'Chocolate con leche extrafino 47 % (azúcar, leche entera en polvo, manteca de cacao, pasta de cacao, emulgentes: lecitina (soja), vainillina), leche desnatada, azúcar, grasa vegetal (palma, shea), mantequilla concentrada, emulgentes: lecitinas (soja), vainillina.', 'KINDER', 0, 0),
	(8000500101308, 'Huevo de chocolate con sorpresa Kinder Joy 3 ud.', 'https://static.carrefour.es/hd_510x_/img_pim_food/535372_00_1.jpg', 'Azúcar, grasas vegetales (palma, shea), leche desnatada en polvo 19,5%, harina de trigo, cacao desgrasado 3,5%, almidón de trigo, pasta de cacao, extracto de malta de cebada, emulgentes: lecitinas (soja), aceite de girasol, proteínas de leche, manteca de cacao, gasificantes: carbonato ácido de amonio, carbonato ácido de sodio, aromas, vainilla, sal.', 'KINDER', 0, 0),
	(8000500141885, 'Huevo de chocolate con sorpresa Kinder Joy 6 ud.', 'https://static.carrefour.es/hd_510x_/img_pim_food/367762_00_1.jpg', 'Azúcar, grasas vegetales (palma, shea), leche desnatada en polvo 19,5%, harina de trigo, cacao desgrasado 3,5%, almidón de trigo, pasta de cacao, extracto de malta de cebada, emulgentes: lecitinas (soja), aceite de girasol, proteínas de leche, manteca de cacao, gasificantes: carbonato ácido de amonio, carbonato ácido de sodio, aromas, vainilla, sal.', 'KINDER', 0, 0),
	(8004735106077, 'Huevo de chocolate con sorpresa Patrulla Canina sin gluten pack de 3 unidades de 20 g.', 'https://static.carrefour.es/hd_510x_/img_pim_food/462940_00_1.jpg', 'Azúcar. manteca de cacao. leche entera en polvo. pasta de cacao. suero de leche en polvo.leche desnatada en polvo. emulsionante: lecitina de soja. aroma natural de vainilla. Puede contener trazas de frutos secos de cascara.', 'ZÀINI', 0, 0),
	(8410000802771, 'Galletas mini con pepitas de chocolate Chips Ahoy 160 g.', 'https://static.carrefour.es/hd_510x_/img_pim_food/219271_00_1.jpg', 'Ingredientes: Harina de TRIGO, azúcar, grasas vegetales (palma, shea en proporción variable), pasta de cacao, gasificantes (carbonato ácido de sodio,carbonato ácido de amonio), dextrosa, jarabe de glucosa y fructosa, manteca de cacao, sal, suero de LECHE en polvo, emulgentes (lecitina de SOJA,lecitina de girasol), aroma.', 'CHIPS AHOY', 0, 0),
	(8410010000181, 'Aceite de oliva suave 0,4º Carbonell 1 l.', 'https://static.carrefour.es/hd_510x_/img_pim_food/000013_00_1.jpg', 'Aceite de Oliva Refinado, Aceite de Oliva Virgen.', 'CARBONELL', 1, 0),
	(8410010262275, 'Aceite de oliva virgen Carbonell 5 l.', 'https://static.carrefour.es/hd_510x_/img_pim_food/815652_00_1.jpg', 'Aceite de Oliva Virgen', 'CARBONELL', 1, 0),
	(8410010262343, 'Aceite de oliva virgen Carbonell 1 l.', 'https://static.carrefour.es/hd_510x_/img_pim_food/659365_00_1.jpg', 'Aceite de Oliva Virgen', 'CARBONELL', 1, 0),
	(8410032003955, 'Atún claro en aceite de oliva Albo pack de 3 latas de 54 g.', 'https://static.carrefour.es/hd_510x_/img_pim_food/505295_00_1.jpg', 'Sin ingredientes', 'ALBO', 1, 0),
	(8410055033014, 'Agua mineral Font Vella tapón deportivo 33 cl.', 'https://static.carrefour.es/hd_510x_/img_pim_food/513720_00_1.jpg', 'Análisis Químico ( en mg/L): Conductividad (uS/cm) 558. Bicarbonatos 308 · Calcio 85,7 · Magnesio 28,9 · Sodio 7,6. CNTA-2018', 'FONT VELLA', 1, 0),
	(8410055050011, 'Agua mineral Font Vella 50 cl.', 'https://static.carrefour.es/hd_510x_/img_pim_food/792209_00_1.jpg', 'Análisis Químico ( en mg/L): Conductividad (uS/cm) 558. Bicarbonatos 308 · Calcio 85,7 · Magnesio 28,9 · Sodio 7,6. CNTA-2018', 'FONT VELLA', 1, 0),
	(8410055150018, 'Agua mineral Font Vella 1,5 l.', 'https://static.carrefour.es/hd_510x_/img_pim_food/000127_00_1.jpg', 'Análisis Químico ( en mg/L): Conductividad (uS/cm) 558. Bicarbonatos 308 · Calcio 85,7 · Magnesio 28,9 · Sodio 7,6. CNTA-2018', 'FONT VELLA', 1, 0),
	(8410055200010, 'Agua mineral Font Vella natural 2 l..', 'https://static.carrefour.es/hd_510x_/img_pim_food/058404_00_1.jpg', 'Análisis Químico ( en mg/L): Conductividad (uS/cm) 558. Bicarbonatos 308 · Calcio 85,7 · Magnesio 28,9 · Sodio 7,6. CNTA-2018', 'FONT VELLA', 1, 0),
	(8410055501131, 'Agua mineral Font Vella 6,25 l.', 'https://static.carrefour.es/hd_510x_/img_pim_food/174341_00_1.jpg', 'Análisis Químico ( en mg/L): Conductividad (uS/cm) 558. Bicarbonatos 308 · Calcio 85,7 · Magnesio 28,9 · Sodio 7,6. CNTA-2018', 'FONT VELLA', 1, 0),
	(8410084040113, 'Arroz grueso para paella categoría extra La Fallera 1 kg.', 'https://static.carrefour.es/hd_510x_/img_pim_food/273213_00_1.jpg', '100% Arroz medio perlado D.O.', 'LA FALLERA', 1, 0),
	(8410090051158, 'Atún claro al natural Calvo pack de 6 unidades de 56 g.', 'https://static.carrefour.es/hd_510x_/img_pim_food/345248_00_1.jpg', 'atún claro, agua y sal.', 'CALVO', 1, 0),
	(8410090051226, 'Atún claro en aceite de oliva Calvo pack de 6 latas de 52 g.', 'https://static.carrefour.es/hd_510x_/img_pim_food/659085_00_1.jpg', 'atún claro, aceite de oliva y sal', 'CALVO', 1, 0),
	(8410090051295, 'Atún claro en aceite de girasol Calvo pack de 6 latas de 52 g.', 'https://static.carrefour.es/hd_510x_/img_pim_food/363071_00_1.jpg', 'Atún claro, aceite de girasol y sal.', 'CALVO', 1, 0),
	(8410090051356, 'Atún en aceite de girasol Calvo pack de 6 latas de 52 g.', 'https://static.carrefour.es/hd_510x_/img_pim_food/511481_00_1.jpg', 'Atún, aceite de girasol y sal', 'CALVO', 1, 0),
	(8410091067172, 'Café molido extrafuerte Gran Aroma Marcilla 500 g.', 'https://static.carrefour.es/hd_510x_/img_pim_food/210340_00_1.jpg', 'Café y azúcar. El café torrefacto ha sido tostado con azúcares.', 'MARCILLA', 1, 0),
	(8410091073913, 'Café molido mezcla créme express Marcilla 250 g.', 'https://static.carrefour.es/hd_510x_/img_pim_food/020757_00_1.jpg', 'Ingredientes: Café y azúcar.', 'MARCILLA', 1, 0),
	(8410091080393, 'Café molido mezcla Gran Aroma Marcilla 500 g.', 'https://static.carrefour.es/hd_510x_/img_pim_food/912132_00_1.jpg', 'Ingredientes: Café y azúcar.', 'MARCILLA', 1, 0),
	(8410091080416, 'Café molido natural Gran Aroma Marcilla 500 g.', 'https://static.carrefour.es/hd_510x_/img_pim_food/912144_00_1.jpg', 'Sin ingredientes', 'MARCILLA', 1, 0),
	(8410091170049, 'Café molido natural Gran Aroma Marcilla 250 g.', 'https://static.carrefour.es/hd_510x_/img_pim_food/001723_00_1.jpg', 'Sin ingredientes', 'MARCILLA', 1, 0),
	(8410100026312, 'Cereales integrales con chocolate Chocapic Nestlé 375 g.', 'https://static.carrefour.es/hd_510x_/img_pim_food/003210_00_1.jpg', 'Trigo integral (35%), chocolate en polvo (22,5%) [azúcar, cacao en polvo (7,2%)], harina de trigo (17%), sémola de maíz (15,2%), jarabe de glucosa  deshidratado, azúcar, extracto de malta de cebada (cebada, malta de cebada), contiene aceite de girasol y/o palma, carbonato cálcico, emulgente (lecitinas), sal, aromas naturales, hierro, niacina, ácido pantoténico, vitamina D, vitamina B6, tiamina,  riboflavina, ácido fólico. Puede contener leche y frutos de cáscara.', 'CHOCAPIC', 0, 0),
	(8410121100633, 'Café tostado molido mezcla intenso La Estrella 250 g.', 'https://static.carrefour.es/hd_510x_/img_pim_food/028452_00_1.jpg', 'Ingredientes: café, jarabe de glucosa.', 'LA ESTRELLA', 1, 0),
	(8410128000400, 'Agua mineral Bezoya 1,5 l.', 'https://static.carrefour.es/hd_510x_/img_pim_food/033249_00_1.jpg', 'Manantial Bezoya: Composición química (mg/l): Residuo seco a 180ºC, 27; Bicarbonatos, <5; Cloruros, 0.84; Calcio, 2.86; Magnesio, 0.36; Sodio, 2.04; Sílice, 9.51. (C.N.TA. Mayo 2014).Manantial Bezoya Trescasas: Composición química (mg/l): Residuo seco a 180ºC, 27; Bicarbonatos, 17; Cloruros, 0.54; Calcio, 6.32; Magnesio, 0.83; Sodio, 1.21; Sílice, 9.78. (C.N.TA. Mayo 2014).', 'BEZOYA', 1, 0),
	(8410128160074, 'Agua mineral Bezoya natural 5 l.', 'https://static.carrefour.es/hd_510x_/img_pim_food/790105_00_1.jpg', 'Sin ingredientes', 'BEZOYA', 1, 0),
	(8410180225087, 'Galletas Dinosaurus Artiach 411 g.', 'https://static.carrefour.es/hd_510x_/img_pim_food/080409_00_1.jpg', 'Cereales 68% (harina de TRIGO, harina de CENTENO, almidón de TRIGO, salvado de TRIGO), azúcar, aceite de girasol alto oleico 18%, sal, suero LÁCTEO en polvo, gasificantes (carbonatos de amonio y de sodio), LECHE desnatada en polvo, jarabe de glucosa y fructosa, aroma, antioxidantes (E 304, E 306), vitaminas (tiamina, riboflavina, niacina, ácido pantoténico, vitamina B6, ácido fólico, vitamina B12). Puede contener  SOJA, HUEVOS.', 'ARTIACH', 0, 0),
	(8410184013086, 'Arroz redondo para microondas Brillante pack de 2 ud. de 125 g.', 'https://static.carrefour.es/hd_510x_/img_pim_food/737039_00_1.jpg', 'Arroz redondo (arroz cocido 97%). agua. aceite de girasol. sal. lecitina de soja.Contiene soja y derivados.', 'BRILLANTE', 0, 0),
	(8410184019781, 'Arroz largo para microondas Brillante pack de 2 unidades de 200 g.', 'https://static.carrefour.es/hd_510x_/img_pim_food/819750_00_1.jpg', 'Arroz largo vaporizado ( arroz cocido 97%). agua. aceite de girasol. sal. emulgente: lecitina de soja.Contiene soja y derivados.', 'BRILLANTE', 0, 0),
	(8410184027878, 'Arroz basmati Sundari 1 Kg.', 'https://static.carrefour.es/hd_510x_/img_pim_food/935338_00_1.jpg', '100% Arroz Basmati', 'SUNDARI', 1, 0),
	(8410184028721, 'Arroz para caldosos Sos 1 kg.', 'https://static.carrefour.es/hd_510x_/img_pim_food/951157_00_1.jpg', '100% mezcla de arroces medios perlados blanco (60%) y medio vaporizado (40%)', 'SOS', 1, 0),
	(8410184077118, 'Arroz largo vaporizado Brillante 1 kg.', 'https://static.carrefour.es/hd_510x_/img_pim_food/002279_00_1.jpg', '100% Arroz grano Largo', 'BRILLANTE', 1, 0),
	(8410184800068, 'Arroz basmati para microondas Brillante pack de 2 ud. de 125 g.', 'https://static.carrefour.es/hd_510x_/img_pim_food/449472_00_1.jpg', 'Arroz basmati (arroz cocido 97%). agua aceite de girasol. sal. lecitina de soja.Contiene soja y derivados.', 'BRILLANTE', 0, 0),
	(8410184800150, 'Arroz integral para microondas Brillante pack de 2 unidades de 125 g.', 'https://static.carrefour.es/hd_510x_/img_pim_food/580798_00_1.jpg', 'Agua. arroz Integral (arroz cocido 97%). aceite de girasol (1.8%). sal.lecitina de soja. Contiene soja y derivados.', 'BRILLANTE', 0, 0),
	(8410188012092, 'Cereales de maíz Corn Flakes Kellogg\'s 500 g.', 'https://static.carrefour.es/hd_510x_/img_pim_food/001783_00_1.jpg', 'INGREDIENTES: Maíz, extracto de malta de CEBADA, azúcar, sal, niacina, hierro, vitamina B6, riboflavina, tiamina, ácido fólico, vitamina D, vitamina B12. VITAMINAS Y MINERALES: Niacina, hierro, vitamina B6, riboflavina, tiamina, ácido fólico, vitamina D, vitami', 'KELLOGG`S', 1, 0),
	(8410188051305, 'Cereales de arroz Rice Krispies Kellogg\'s 340 g.', 'https://static.carrefour.es/hd_510x_/img_pim_food/045073_00_1.jpg', 'Arroz, Azúcar, Sal, Aroma de malta de CEBADA. Vitaminas y Minerales: Niacina, Hierro, Vitamina B6, Riboflavina (B2), Tiamina (B1), Ácido fólico, Vitamina D, Vitamina B12', 'KELLOGG`S', 1, 0),
	(8410199023094, 'Patatas fritas original Gourmet Lay\'s 170 g.', 'https://static.carrefour.es/hd_510x_/img_pim_food/718768_00_1.jpg', 'Patatas, aceite de girasol, sal.', 'LAY`S', 1, 0),
	(8410270210603, 'Aceite de girasol Koipe Fritos 1 l.', 'https://static.carrefour.es/hd_510x_/img_pim_food/883394_00_1.jpg', 'Aceite refinado de girasol, aceite refinado de girasol alto oleico (26%), antioxidante (E306), aroma de cilantro, antiespumante (E900)', 'KOIPESOL', 1, 0),
	(8410285114903, 'Leche semidesnatada Président brik 1 l.', 'https://static.carrefour.es/hd_510x_/img_pim_food/002785_00_1.jpg', 'Leche semidesnatada', 'PRESIDENT', 0, 0),
	(8410297010200, 'Leche entera Central Lechera Asturiana botella 1,5 l.', 'https://static.carrefour.es/hd_510x_/img_pim_food/002882_00_1.jpg', 'Leche entera de vaca', 'CENTRAL LECHERA ASTURIANA', 0, 0),
	(8410297012150, 'Leche semidesnatada Central Lechera Asturiana brik 1 l.', 'https://static.carrefour.es/hd_510x_/img_pim_food/020274_00_1.jpg', 'Leche semidesnatada de vaca', 'CENTRAL LECHERA ASTURIANA', 0, 0),
	(8410297112041, 'Leche entera Central Lechera Asturiana brik 1 l.', 'https://static.carrefour.es/hd_510x_/img_pim_food/002883_00_1.jpg', 'Leche entera de vaca', 'CENTRAL LECHERA ASTURIANA', 0, 0),
	(8410320033503, 'Pizza de jamón y queso con salsa cheddar Pizza & Salsa Campofrío 360 g.', 'https://static.carrefour.es/hd_510x_/img_pim_food/610705_00_1.jpg', 'Harina de TRIGO y CENTENO, agua, carne de cerdo, tomate concentrado, QUESO mozzarella, grasa vegetal de palma, aceite de girasol, sal, dextrosa, levadura, azúcar, almidón modificado, especias, proteína de la LECHE, estabilizantes (E-451, E-420), antioxidantes (E-316, E-325, E-330), sales de fundido (E-331), conservador (E-250), aromas, aroma de humo, colorante (E-160a). Puede contener trazas de SOJA, HUEVO y PESCADO. SALSA CHEDDAR. INGREDIENTES: Agua, LECHE entera, NATA, QUESO Cheddar (7%), MANTEQUILLA, almidón modificado, sal, antioxidante (E-270 y E-307), azúcar, aroma, estabilizante (E-415), conservador (E-200), colorantes (E-160c). Puede contener trazas de HUEVO.', 'CAMPOFRIO', 0, 0),
	(8410320033527, 'Pizza 4 quesos con salsa manchega Pizza & Salsa Campofrío 365 g.', 'https://static.carrefour.es/hd_510x_/img_pim_food/624563_00_1.jpg', 'Harina de TRIGO y CENTENO, agua, grasa de palma, tomate concentrado, QUESO Gouda (7%), QUESO Cheddar rojo (LECHE, sal, fermentos, cuajo, E-160b)(7%), QUESO Mozzarella (5%), aceite de girasol, sal, dextrosa, levadura, azúcar, almidón modificado, especias, proteína de la LECHE, antioxidante (E-330), sales de fundido (E-331), colorantes (E-160a). Puede contener trazas de SOJA, HUEVO y PESCADO. SALSA CON QUESO MANCHEGO. INGREDIENTES: LECHE desnatada, agua, NATA, almidón modificado, QUESO Manchego (2,5%), MANTEQUILLA, LECHE en polvo, maltodextrina, aceite de girasol, sal, aroma, azúcar, QUESO, antioxidantes (E-270, E-307, E-385), estabilizante (E-415), conservador (E-200). Puede contener trazas de HUEVO.', 'CAMPOFRIO', 0, 0),
	(8410320034319, 'Pizza barbacoa Pizza & Salsa Campofrío 410 g.', 'https://static.carrefour.es/hd_510x_/img_pim_food/610703_00_1.jpg', 'Harina de TRIGO y CENTENO, agua, tomate concentrado, QUESO Mozzarella(10%), carne de vacuno, carne de cerdo, grasa vegetal de palma,  aceite de girasol, sal, dextrosa, levadura, pimiento, cebolla, azúcar, almidón modificado, especias, fibra vegetal, cerveza (cebada), proteína de la LECHE, aroma y aroma de humo, antioxidantes (E-325, E-330), sales de fundido (E-331), colorante (E-160a). Puede contener trazas de SOJA, HUEVO y PESCADO. SALSA BARBACOA. INGREDIENTES: Agua, vinagre, azúcar, tomate, dextrosa de TRIGO, jarabes de glucosa y fructosa, sal, MOSTAZA, almidón modificado, SOJA, cebolla, ajo, estabilizante (E-415), conservador (E-202), aromas, aroma de humo, colorante (E-150d), especias. Contiene sulfitos (E-220), apio y gluten.', 'CAMPOFRIO', 0, 0),
	(8410320307604, 'Pizza de jamón y bacon con salsa de cebolla caramelizada Pizza & Salsa Campofrío 360 g.', 'https://static.carrefour.es/hd_510x_/img_pim_food/275238_00_1.jpg', 'Harina de TRIGO y CENTENO, agua, tomate concentrado, QUESO mozzarella, paleta de cerdo, carne de cerdo, grasa vegetal de palma, panceta de cerdo, aceite vegetal de girasol, aceite vegetal de oliva, sal, dextrosa, levadura, azúcar, almidón modificado, almidón, especias, proteínas de la LECHE, antioxidantes (E-325, E-326, E-316), estabilizantes (E-451, E-407, E-508), aromas y aroma de humo, conservadores (E-262, E-250), emulsionante (E-331), corrector de acidez (E-330), colorante (E-160a). Puede contener trazas de SOJA, HUEVO y PESCADO. SALSA CEBOLLA CARAMELIZADA. INGREDIENTES: Cebolla, jarabe de glucosa-fructosa de maíz, agua, azúcar moreno, almidón modificado de maíz, puré de ajo, melazas, zumo concentrado de limón, acidulante (E-330), aroma, sal, conservador (E-220), especias.', 'CAMPOFRIO', 0, 0),
	(8410376026962, 'Galletas avena choco Digestive Gullón 425 g.', 'https://static.carrefour.es/hd_510x_/img_pim_food/150529_00_1.jpg', 'Copos de avena 34%, harina integral de trigo 21%, chips de chocolate negro 15% (azúcar, pasta de cacao, dextrosa, manteca de cacao, emulgente (lecitina de soja)), aceite vegetal (girasol alto oleico) 14%, azúcar, jarabe de glucosa y fructosa, gasificantes (carbonato ácido de sodio, carbonato ácido de amonio), sal. Puede contener trazas de leche. Con girasol alto oleico.', 'GULLON', 0, 0),
	(8410416012542, 'Pollo al ajillo con patatas asadas Carretilla sin gluten 2 unidades de 250 g.', 'https://static.carrefour.es/hd_510x_/img_pim_food/325753_00_1.jpg', 'Pollo (35%), patatas asadas (30%), cebolla, aceite de oliva (6%), agua, vino blanco, ajo (2,5%), perejil, sal, dextrosa, fécula y lecitina de soja. Puede contener trazas de: leche y derivados (incluida lactosa) y mostaza.', 'CARRETILLA', 0, 0),
	(8410500006082, 'Yogur natural Danone pack de 4 unidades de 120 g.', 'https://static.carrefour.es/hd_510x_/img_pim_food/002901_00_1.jpg', 'Leche fresca pasteurizada (98%), leche en polvo desnatada y fermentos lácticos. Origen de la leche: España.', 'DANONE', 0, 0),
	(8410500006105, 'Yogur de fresa Danone sin gluten pack de 4 unidades de 120 g.', 'https://static.carrefour.es/hd_510x_/img_pim_food/002905_00_1.jpg', 'Leche fresca semidesnatada pasteurizada (92,9%), azúcar, leche en polvo desnatada, fermentos lácticos, aromas y colorante (carmines). Origen de la leche: España. Sin gluten', 'DANONE', 0, 0),
	(8410500006150, 'Yogur de coco Danone sin gluten pack de 4 unidades de 120 g.', 'https://static.carrefour.es/hd_510x_/img_pim_food/002912_00_1.jpg', 'Leche fresca semidesnatada pasteurizada (92,9%), azúcar, leche en polvo desnatada, fermentos lácticos y aromas. Origen de la leche: España. Sin gluten', 'DANONE', 0, 0),
	(8410500010768, 'Yogur de coco, fresa, frutos del bosque y macedonia Danone sin gluten pack de 8 unidades de 120 g.', 'https://static.carrefour.es/hd_510x_/img_pim_food/058825_00_1.jpg', 'Leche fresca semidesnatada pasteurizada (92,9%), azúcar, leche en polvo desnatada, fermentos lácticos, aromas y colorantes [carmines (sabores fresa, macedonia y frutos del bosque) y curcumina (sabor macedonia)]. Origen de la leche: España. Sin gluten', 'DANONE', 0, 0),
	(8410590110041, 'Cerveza El Aguila dorada pack de 10 latas de 33 cl.', 'https://static.carrefour.es/hd_510x_/img_pim_food/242546_00_1.jpg', 'Agua, malta de cebada, maíz y lúpulo, Este producto se elabora con malta de cebada: contiene gluten.', 'EL AGUILA', 1, 0),
	(8410603064262, 'Huevos Camperos Dagu 6 ud.', 'https://static.carrefour.es/hd_510x_/img_pim_food/529066_00_1.jpg', 'Huevos.', 'DAGU', 0, 0),
	(8410655000775, 'Cerveza San Miguel especial Lager pack de 12 latas de 33 cl.', 'https://static.carrefour.es/hd_510x_/img_pim_food/198978_00_1.jpg', 'Agua, Malta de Cebada, Maíz, Lúpulo', 'SAN MIGUEL', 1, 0),
	(8410655001130, 'Cerveza San Miguel especial Lager pack de 28 latas de 33 cl.', 'https://static.carrefour.es/hd_510x_/img_pim_food/718561_00_1.jpg', 'Agua, Malta de Cebada, Maíz, Lúpulo', 'SAN MIGUEL', 1, 0),
	(8410660101016, 'Aceite de oliva suave 0,4º La Española 1 l.', 'https://static.carrefour.es/hd_510x_/img_pim_food/002895_00_1.jpg', 'Aceite de oliva refinado y aceites de oliva virgen', 'LA ESPAÑOLA', 1, 0),
	(8410660302017, 'Aceite de oliva intenso 1º La Española 1 l.', 'https://static.carrefour.es/hd_510x_/img_pim_food/964037_00_1.jpg', 'Aceite de oliva virgen y aceite de oliva refinado', 'LA ESPAÑOLA', 1, 0),
	(8410728100012, 'Agua mineral Lanjarón 2 l.', 'https://static.carrefour.es/hd_510x_/img_pim_food/186392_00_1.jpg', 'Composición (en mg/L):  Bicarbonatos 108 · Calcio 28,9 · Magnesio 11,4 · Sodio 5,9. Conductividad (uS/cm) 200 (CNTA-2018)', 'LANJARON', 1, 0),
	(8410728104102, 'Agua mineral Lanjarón 6,25 l.', 'https://static.carrefour.es/hd_510x_/img_pim_food/808857_00_1.jpg', 'Composición (en mg/L):  Bicarbonatos 108 · Calcio 28,9 · Magnesio 11,4 · Sodio 5,9. Conductividad (uS/cm) 200 (CNTA-2018)', 'LANJARON', 1, 0),
	(8410762220042, 'Pizza 4 quesos Casa Tarradellas 390 g.', 'https://static.carrefour.es/hd_510x_/img_pim_food/051245_00_1.jpg', 'Harina de trigo, quesos (mozzarella, grana padano, cheddar madurado, emmental) (40%), tomate, agua, aceite de girasol, sal, especias, lactosa, levadura, orégano. Puede contener trazas de huevo.', 'CASA TARRADELLAS', 0, 0),
	(8410762220059, 'Pizza de jamón y queso Casa Tarradellas 405 g.', 'https://static.carrefour.es/hd_510x_/img_pim_food/051680_00_1.jpg', 'Harina de trigo, queso mozzarella (22%), jamón (20%), agua, tomate, aceite de girasol, sal, dextrosa, lactosa, estabilizantes (trifosfato pentasódico, carragen), aroma, levadura, especias, orégano, antioxidante (ascorbato sódico), ácido cítrico, citrato trisódico, conservador (nitrito sódico).', 'CASA TARRADELLAS', 0, 0),
	(8410762220806, 'Pizza de jamón y queso Casa Tarradellas pack de 2 unidades de 220 g.', 'https://static.carrefour.es/hd_510x_/img_pim_food/345839_00_1.jpg', 'Harina de trigo, queso mozzarella (20%), jamón (20%), agua, tomate, aceite de girasol, sal, lactosa, dextrosa, levadura, estabilizantes (trifosfato pentasódico, carragen), aroma, especias, orégano, antioxidante (ascorbato sódico), conservador (nitrito sódico).', 'CASA TARRADELLAS', 0, 0),
	(8410783332090, 'Jamón cocido braseado Noel lonchas', 'https://prod-mercadona.imgix.net/images/5d031fa87fb5fd5e2cb2db5a2b9599f5.jpg?fit=crop&h=600&w=600', 'Jamón de cerdo (85%), agua, antioxidantes (lactato potásico, eritorbato sódico), estabilizantes (trifosfato pentasódico), cloruro de potasio, dextrosa, azúcar, aroma de humo a partir de haya, aroma, conservador (nitrito sódico).', 'Noel', 0, 0),
	(8410793226433, 'Cerveza Victoria de Málaga pack de 12 latas de 33 cl.', 'https://static.carrefour.es/hd_510x_/img_pim_food/892579_00_1.jpg', 'Contiene malta de cebada', 'VICTORIA', 1, 0),
	(8410830001016, 'Arroz redondo Sos 1 kg.', 'https://static.carrefour.es/hd_510x_/img_pim_food/002277_00_1.jpg', '100% Arroz grano redondo', 'SOS', 1, 0),
	(8410830001214, 'Arroz integral Sos 1 kg.', 'https://static.carrefour.es/hd_510x_/img_pim_food/052162_00_1.jpg', '100% Arroz grano medio integral', 'SOS', 1, 0),
	(8410830011008, 'Arroz redondo Sos 2 kg.', 'https://static.carrefour.es/hd_510x_/img_pim_food/384976_00_1.jpg', '100% Arroz grano redondo', 'SOS', 1, 0),
	(8410946000125, 'Azúcar moreno de caña integral en sobres Acor', 'https://prod-mercadona.imgix.net/images/2164fcb556c665db861fcf08bb64ab4e.jpg?fit=crop&h=600&w=600', 'Azúcar moreno de caña', 'Acor', 1, 0),
	(8410946000316, 'Azúcar moreno de caña Acor', 'https://prod-mercadona.imgix.net/images/34c6722c468d4373cf073536d4d60185.jpg?fit=crop&h=600&w=600', 'Azúcar moreno de caña', 'Acor', 1, 0),
	(8411190102115, 'Aceite de girasol Coosol 1 l.', 'https://static.carrefour.es/hd_510x_/img_pim_food/000018_00_1.jpg', 'Aceite refinado de girasol', 'COOSUR', 1, 0),
	(8411190148502, 'Aceite de oliva virgen extra hojiblanca Coosur 1 l.', 'https://static.carrefour.es/hd_510x_/img_pim_food/543824_00_1.jpg', 'Aceite de oliva virgen extra', 'COOSUR', 1, 0),
	(8411327022125, 'Cerveza Mahou Clásica pack de 12 latas de 33 cl.', 'https://static.carrefour.es/hd_510x_/img_pim_food/403267_00_1.jpg', 'Agua, Malta de Cebada, Maíz, Lúpulo', 'MAHOU', 1, 0),
	(8411327022286, 'Cerveza Mahou Clásica pack de 28 latas de 33 cl.', 'https://static.carrefour.es/hd_510x_/img_pim_food/718559_00_1.jpg', 'MAHOU CLÁSICA: Agua, Malta de cebada , Maiz, Lúpulo', 'MAHOU CLASICA', 1, 0),
	(8411327122283, 'Cerveza Mahou 5 Estrellas especial pack de 28 latas de 33 cl.', 'https://static.carrefour.es/hd_510x_/img_pim_food/718560_00_1.jpg', 'Agua, Malta de Cebada, Maíz, Lúpulo', 'MAHOU', 1, 0),
	(8411547001504, 'Agua mineral Solán de Cabras natural 1,5 l.', 'https://static.carrefour.es/hd_510x_/img_pim_food/492590_00_1.jpg', 'Sin ingredientes', 'SOLAN DE CABRAS', 1, 0),
	(8411700004250, 'Leche semidesnatada con vitaminas A+D Puleva brik 1 l.', 'https://static.carrefour.es/hd_510x_/img_pim_food/046176_00_1.jpg', 'Leche semidesnatada y vitaminas A y D.', 'PULEVA', 0, 0),
	(8412480401000, 'Huevas de capelán negras Royal 100 g.', 'https://static.carrefour.es/hd_510x_/img_pim_food/170138_00_1.jpg', 'Huevas de Capelán (Mallotus villosus 82%), agua, sal, colorantes (E141, E150d, E151, E163), estabilizante (E413), antioxidante (E330), conservador (E211) y especias.', 'ROYAL', 1, 0),
	(8412598000096, 'Cerveza Estrella Galicia especial pack de 10 latas 33 cl.', 'https://static.carrefour.es/hd_510x_/img_pim_food/560160_00_1.jpg', 'Agua, malta de cebada, maíz y lúpulo.', 'ESTRELLA GALICIA', 1, 0),
	(8412598004049, 'Cerveza Estrella Galicia mini pack 20 botellas 20 cl.', 'https://static.carrefour.es/hd_510x_/img_pim_food/499114_00_1.jpg', 'Agua, malta de cebada, maíz y lúpulo.', 'ESTRELLA GALICIA', 1, 0),
	(8412598004278, 'Cerveza Estrella Galicia especial pack de 24 botellas de 25 cl.', 'https://static.carrefour.es/hd_510x_/img_pim_food/345037_00_1.jpg', 'Agua, malta de cebada, maíz y lúpulo.', 'ESTRELLA GALICIA', 1, 0),
	(8412598004896, 'Cerveza 1906 Red Vintage La Colorada lata 33 cl.', 'https://static.carrefour.es/hd_510x_/img_pim_food/589416_00_1.jpg', 'Agua, malta de cebada, maíz y lúpulo.', '1906', 1, 0),
	(8412598004933, 'Cerveza 1906 reserva especial lata 33 cl.', 'https://static.carrefour.es/hd_510x_/img_pim_food/569004_00_1.jpg', 'Agua, malta de cebada, maíz y lúpulo.', '1906', 1, 0),
	(8412600009345, 'Pan de molde Natural 100% Bimbo 460 g.', 'https://static.carrefour.es/hd_510x_/img_pim_food/248005_00_1.jpg', 'Harina de trigo (69%), agua (27%), levadura (3,4%), aceite vegetal (oliva 1,7%), sémola de trigo, sal (1,1%), masa madre inactiva de trigo (0,7%), masa madre inactiva de centeno integral (0,5%). Puede contener semillas de sésamo y/o soja y/o mostaza.', 'BIMBO', 1, 0),
	(8412600100325, 'Pan de molde sin corteza Bimbo 450 g.', 'https://static.carrefour.es/hd_510x_/img_pim_food/367981_00_1.jpg', 'Harina de trigo, agua, levadura, aceite vegetal (girasol), azúcar, sal, gluten de trigo, almidón de maíz, emulgentes (E-471, E-481, E-472e), conservadores (E-282, E-200), vinagre de vino, harina de haba, agente de tratamiento de la harina (E-300, E-341). Puede contener semillas de sésamo y/o soja.', 'BIMBO', 1, 0),
	(8413681300895, 'Cerveza Alhambra tradicional pack de 12 latas de 33 cl.', 'https://static.carrefour.es/hd_510x_/img_pim_food/618756_00_1.jpg', 'Agua, Malta de Cebada, Maíz, Lúpulo', 'ALHAMBRA', 1, 0),
	(8414243015028, 'Tomate cherry mini-kumato 250 g', 'https://static.carrefour.es/hd_510x_/img_pim_food/264100_00_1.jpg', 'Sin ingredientes', 'Desconocida', 1, 0),
	(8414702013718, 'Patata trumferoles Potatum 3 Kg', 'https://static.carrefour.es/hd_510x_/img_pim_food/036549_00_1.jpg', 'Sin ingredientes', 'Desconocida', 1, 0),
	(8422237251949, 'Huevo hilado Santa Teresa sin gluten 100 g', 'https://static.carrefour.es/hd_510x_/img_pim_food/884977_00_1.jpg', 'Yema de huevo (90%) y azúcar.', 'SANTA TERESA', 0, 0),
	(8422767123167, 'Aceite de oliva virgen extra Maestros de Hojiblanca 1 l.', 'https://static.carrefour.es/hd_510x_/img_pim_food/113505_00_1.jpg', 'Aceite de Oliva Virgen Extra', 'MAESTROS DE HOJIBLANCA', 1, 0),
	(8424136791144, 'Patata princesa amandine 1,5 kg', 'https://static.carrefour.es/hd_510x_/img_pim_food/533347_00_1.jpg', 'Sin ingredientes', 'Desconocida', 1, 0),
	(8424219086839, 'Pechuga de pollo corte extrafino Roler 320 g', 'https://static.carrefour.es/hd_510x_/img_pim_food/324133_00_1.jpg', 'Filetes de pechuga de pollo', 'Desconocida', 0, 0),
	(8424465971804, 'Pan Burguer chapatta cristalina 2 ud', 'https://static.carrefour.es/hd_510x_/img_pim_food/386865_00_1.jpg', 'Sin ingredientes', 'CARREFOUR', 1, 0),
	(8427610000060, 'Huevas de arenque Avruga 55 g.', 'https://static.carrefour.es/hd_510x_/img_pim_food/154240_00_1.jpg', 'Agua, 40% arenque ahumado [arenque (Clupea Harengus), humo], almidón modificado de maíz, sal, tinta de sepia, acidulante (ácido cítrico), zumo de limón, estabilizante (goma xantana) y especias. Alérgenos: pescados y moluscos.', 'PESCAVIAR', 0, 0),
	(8427735112235, 'Patata de Galicia padro cachelo 3 kg', 'https://static.carrefour.es/hd_510x_/img_pim_food/171118_00_1.jpg', 'Sin ingredientes', 'Desconocida', 1, 0),
	(8429583017861, 'Atún en aceite de oliva Ribeira 650 g.', 'https://static.carrefour.es/hd_510x_/img_pim_food/856323_00_1.jpg', 'Atún , aceite de oliva y sal,', 'RIBEIRA', 1, 0),
	(8431876005066, 'Galletas horneadas Carrefour 500 g.', 'https://static.carrefour.es/hd_510x_/img_pim_food/228290_00_1.jpg', 'Harina de trigo (56%), azúcar, grasa vegetal  de palma, coco rallado, jarabe de glucosa y fructosa, dextrosa,  gasificantes (carbonato ácido de sodio y carbonato ácido de amonio), sal y aromas. Puede contener trazas de soja, leche y frutos de cáscara', 'CARREFOUR', 0, 0),
	(8431876005080, 'Galletas relieve Carrefour Classic 700 g.', 'https://static.carrefour.es/hd_510x_/img_pim_food/228284_00_1.jpg', 'Harina de TRIGO (70%), azúcar, aceite de girasol alto oleico (16%) (antioxidantes: extracto rico en tocoferoles, ésteres ácidos grasos de ácido ascórbico), miel (2,1%), HUEVO, extracto de malta de CEBADA, coco rallado, gasificantes (carbonatos de amonio y sodio), suero de LECHE en polvo, sal y aromas..   Puede contener trazas de SOJA, SULFITOS.', 'CARREFOUR', 0, 0),
	(8431876007688, 'Espirales vegetales Carrefour 500 g.', 'https://static.carrefour.es/hd_510x_/img_pim_food/228697_00_1.jpg', 'Pasta alimenticia: sémola de trigo duro. Pasta alimenticia roja: sémola de trigo duro, concentrado de tomate (5%) (porcentaje expresado sobre la pasta alimenticia roja). Pasta alimenticia verde: sémola de trigo duro, espinacas deshidratadas (2,5%) (porcentaje expresado sobre la pasta alimenticia verde). Puede contener trazas de huevo.', 'CARREFOUR', 0, 0),
	(8431876008142, 'Tomate natural pelado Carrefour 480 g.', 'https://static.carrefour.es/hd_510x_/img_pim_food/231109_00_1.jpg', 'Tomate entero pelado (60%), zumo de tomate, sal, acidulante: ácido cítrico, endurecedor: cloruro cálcico.', 'CARREFOUR', 1, 0),
	(8431876011920, 'Leche entera Carrefour brik 1 l.', 'https://static.carrefour.es/hd_510x_/img_pim_food/231395_00_1.jpg', 'Leche entera de vaca.', 'CARREFOUR', 0, 0),
	(8431876011937, 'Leche semidesnatada Carrefour brik 1 l.', 'https://static.carrefour.es/hd_510x_/img_pim_food/231394_00_1.jpg', 'Leche semidesnatada de vaca', 'CARREFOUR', 0, 0),
	(8431876011944, 'Leche desnatada Carrefour brik 1 l.', 'https://static.carrefour.es/hd_510x_/img_pim_food/231393_00_1.jpg', 'Leche desnatada de vaca', 'CARREFOUR', 0, 0),
	(8431876013481, 'Pizza de jamón y queso Carrefour Classic\' 400 g.', 'https://static.carrefour.es/hd_510x_/img_pim_food/266899_00_1.jpg', 'Ingredientes: Base con salsa de tomate (57,9%): Harina de trigo, agua, salsa de tomate [tomate (11,5%), agua, aceite de oliva, sal, azúcar y especias], aceite de girasol, sal, azúcar, levadura, gasificantes (difosfato disódico y carbonato ácido de sodio) y almidón de trigo. Guarnición (42,1%): Queso Mozzarella (22%) [leche de vaca pasteurizada, sal, fermentos, cuajo y antioxidante (ácido cítrico)], jamón cocido extra (20%) [jamón de cerdo, agua, gelificante (carragenano), azúcar, estabilizante (trifosfato de pentasodio), sal, antioxidantes (citrato trisódico y eritorbato sódico) y conservadores (nitrito sódico y acetato de sodio)] y especias. Puede contener trazas de huevo, soja y pescado.', 'CARREFOUR', 0, 0),
	(8431876013498, 'Pizza 4 quesos Carrefour 400 g.', 'https://static.carrefour.es/hd_510x_/img_pim_food/266914_00_1.jpg', 'Ingredientes: Base con salsa de tomate (61,3%): Harina de trigo, salsa de tomate (tomate, agua, aceite de oliva, sal, azúcar y especias), agua, aceite de girasol, sal, azúcar, levadura, gasificantes (difosfato disodico y carbonato ácido de sodio) y almidón de trigo. Guarnición (38,7%): Queso Mozzarella (17%) [leche pasteurizada, sal, fermentos, cuajo y antioxidante (ácido cítrico)], queso Edam (8,8%) [leche pasteurizada, sal, cuajo, fermentos lácticos y estabilizante (cloruro cálcico)], queso Gouda (8,8%) [leche pasteurizada, sal, cuajo, fermentos lácticos y estabilizante (cloruro cálcico)], queso Grana Padano DOP (3,5%) [leche pasteurizada, cuajo, sal y conservador (lisozima de huevo] y especias. Puede contener trazas de soja y pescado.', 'CARREFOUR', 0, 0),
	(8431876013689, 'Cerveza Carrefour Holandesa lata 33 cl.', 'https://static.carrefour.es/hd_510x_/img_pim_food/228844_00_1.jpg', 'Agua, malta de cebada, jarabe de glucosa, extracto de lúpulo. .AlergenosCereales que contienen gluten (cebada)', 'CARREFOUR', 1, 0),
	(8431876027693, 'Café molido mezcla Carrefour 250 g.', 'https://static.carrefour.es/hd_510x_/img_pim_food/236783_00_1.jpg', 'Café y azúcar. El café torrefacto ha sido tostado con azúcares.', 'CARREFOUR', 1, 0),
	(8431876027709, 'Café molido natural Carrefour 250 g.', 'https://static.carrefour.es/hd_510x_/img_pim_food/236780_00_1.jpg', 'Café', 'CARREFOUR', 1, 0),
	(8431876045871, 'Nidos al huevo Carrefour 500 g.', 'https://static.carrefour.es/hd_510x_/img_pim_food/353796_00_1.jpg', 'Semola de trigo duro y huevo en polvo rehidratado (13%).', 'CARREFOUR', 0, 0),
	(8431876046540, 'Nidos con espinacas Carrefour 500 g.', 'https://static.carrefour.es/hd_510x_/img_pim_food/353798_00_1.jpg', 'Semola de trigo duro y espinaca deshidratada (2%).Puede contener trazas de huevo.', 'CARREFOUR', 0, 0),
	(8431876047455, 'Patata para freír Círculo de Calidad 2,5 kg', 'https://static.carrefour.es/hd_510x_/img_pim_food/352630_00_1.jpg', 'Sin ingredientes', 'CIRCULO DE CALIDAD', 1, 0),
	(8431876065848, 'Aceite de oliva virgen extra Carrefour 1 l.', 'https://static.carrefour.es/hd_510x_/img_pim_food/471213_00_1.jpg', '100% Aceite de oliva virgen extra. Coupage variedades Arbequina, Hojiblanca y Picual', 'CARREFOUR', 1, 0),
	(8431876066210, 'Tomate de Navarra pelado troceado Carrefour 390 g.', 'https://static.carrefour.es/hd_510x_/img_pim_food/470780_00_1.jpg', 'Tomate (98%), sal, acidulante: ácido cítrico, endurecedor: cloruro cálcico.', 'CARREFOUR', 1, 0),
	(8431876069556, 'Atún claro en aceite de oliva Classic Carrefour pack de 3 latas de 52 g.', 'https://static.carrefour.es/hd_510x_/img_pim_food/484274_00_1.jpg', 'Atún claro(Thunnus albacares), aceite de oliva y sal', 'CARREFOUR', 1, 0),
	(8431876073621, 'Tiburón vegetal Carrefour 500 g.', 'https://static.carrefour.es/hd_510x_/img_pim_food/507045_00_1.jpg', 'Pasta alimenticia: sémola de trigo duro. Pasta alimenticia roja: sémola de trigo duro, concentrado de tomate (5%) (porcentaje expresado sobre la pasta alimenticia roja). Pasta alimenticia verde: sémola de trigo duro, espinacas deshidratadas (2,5%) (porcentaje expresado sobre la pasta alimenticia verde). Puede contener trazas de huevo.', 'CARREFOUR', 0, 0),
	(8431876082739, 'Patatas fritas onduladas Carrefour 170 g.', 'https://static.carrefour.es/hd_510x_/img_pim_food/498822_00_1.jpg', 'Patatas (63%), aceite de girasol (36%) y sal. Puede contener trazas de gluten, soja y leche (lactosa).', 'CARREFOUR', 0, 0),
	(8431876099096, 'Queso fresco de Burgos Carrefour pack de 4 unidades de 62,5 g.', 'https://static.carrefour.es/hd_510x_/img_pim_food/624410_00_1.jpg', 'Leche semidesnatada pasterizada de vaca, sal y cuajo', 'CARREFOUR', 0, 0),
	(8431876100006, 'Agua mineral Carrefour 2 l.', 'https://static.carrefour.es/hd_510x_/img_pim_food/609743_00_1.jpg', 'Agua Mineral Natural', 'CARREFOUR', 1, 0),
	(8431876100037, 'Agua mineral Carrefour 8 l.', 'https://static.carrefour.es/hd_510x_/img_pim_food/609750_00_1.jpg', 'Agua Mineral Natural', 'CARREFOUR', 1, 0),
	(8431876105483, 'Atún claro en aceite de oliva Carrefour pack de 3 latas de 104 g.', 'https://static.carrefour.es/hd_510x_/img_pim_food/639065_00_1.jpg', 'Atún claro(Thunnus albacares), aceite de oliva y sal', 'CARREFOUR', 1, 0),
	(8431876105490, 'Atún claro al natural Carrefour pack de 3 latas de 104 g.', 'https://static.carrefour.es/hd_510x_/img_pim_food/639066_00_1.jpg', 'Atún claro(Thunnus albacares), agua y sal', 'CARREFOUR', 1, 0),
	(8431876114263, 'Queso rallado cuatro quesos Carrefour sin gluten 200 g.', 'https://static.carrefour.es/hd_510x_/img_pim_food/712501_00_1.jpg', 'Leche, almidón de patata, sal, fermentos lácticos, cuajo microbiano, annatto, nitrato de sodio, cultivo de ácido propiónico y cloruro de calcio', 'CARREFOUR', 0, 0),
	(8431876117530, 'Atún claro en aceite de oliva Carrefour Extra 140 g.', 'https://static.carrefour.es/hd_510x_/img_pim_food/716618_00_1.jpg', 'Atún claro (Thunnus albacares), aceite de oliva y sal', 'CARREFOUR', 1, 0),
	(8431876118650, 'Pizza barbacoa Carrefour 400 g.', 'https://static.carrefour.es/hd_510x_/img_pim_food/743623_00_1.jpg', 'Ingredientes: Base con salsa barbacoa (64,1%): Harina de trigo, salsa barbacoa (17,5%) [agua, azúcar, tomate, vinagre de vino blanco, almidón modificado, sal, aromas, aroma de humo, extractos vegetales (contiene cebada), estabilizante (goma xantana), antioxidante (ácido cítrico), cayena y conservador (sorbato potásico)], agua, aceite de girasol, sal, azúcar, levadura, gasificantes (difosfato disódico y carbonato ácido de sodio) y almidón de trigo. Guarnición (35,9%): Queso Mozzarella (14,5%) [leche de vaca pasteurizada, sal, fermentos, cuajo y antioxidante (ácido cítrico)], preparado cárnico (11%) [carne de cerdo (5,1%), carne de vacuno (1,7%), agua, cebolla, tomate, proteína de soja, sal, especias, aromas (contiene  soja), colorante (caramelo natural), azúcar, aroma de humo y corrector de acidez (ácido cítrico)], bacon sabor ahumado (11%) [panceta de cerdo, agua, estabilizantes (trifosfato pentasodio, difosfato tetrasódico y difosfato tetrapotásico), sal, azúcar, antioxidantes (eritorbato sódico y citrato trisódico), dextrosa, aroma, aroma de humo, proteína de soja, conservadores (nitrito sódico y acetato de sodio), extractos de especias y gelificante (carragenano)] y especias. Puede contener trazas de huevo y pescado.', 'CARREFOUR', 0, 0),
	(8431876128956, 'Galletas recubiertas de chocolate con leche Digestive Carrefour Sensation 300 g.', 'https://static.carrefour.es/hd_510x_/img_pim_food/066542_00_1.jpg', 'Harina integral de trigo (41,5%), cobertura de chocolate con leche 24% (azúcar, manteca de cacao, pasta de cacao, leche en polvo, suero de leche en polvo, emulgente (lecitina de soja, aromas), grasa vegetal (palma), azúcar,  salvado de trigo 3,5%,  jarabe de glucosa y fructosa, gasificantes (carbonato ácido de sodio, carbonato ácido de amonio y ácido tartárico), sal.  Puede contener trazas de frutos de cáscara.', 'CARREFOUR', 0, 0),
	(8431876144680, 'Aceite de girasol Carrefour Classic\' 1 l.', 'https://static.carrefour.es/hd_510x_/img_pim_food/277385_00_1.jpg', 'Aceite refinado de girasol', 'CARREFOUR', 1, 0),
	(8431876144697, 'Aceite de girasol para freír Carrefour garrafa 5 l.', 'https://static.carrefour.es/hd_510x_/img_pim_food/277575_00_1.jpg', 'Aceite refinado de girasol', 'CARREFOUR', 1, 0),
	(8431876145908, 'Patata roja Carrefour 2 Kg', 'https://static.carrefour.es/hd_510x_/img_pim_food/793633_00_1.jpg', 'Sin ingredientes', 'CARREFOUR', 1, 0),
	(8431876145915, 'Patata lavada Carrefour 5 Kg', 'https://static.carrefour.es/hd_510x_/img_pim_food/793632_00_1.jpg', 'Sin ingredientes', 'CARREFOUR', 1, 0),
	(8431876159899, 'Agua mineral con gas Carrefour 1,25 l.', 'https://static.carrefour.es/hd_510x_/img_pim_food/289186_00_1.jpg', 'Agua Mineral Natural con Gas Carbónico Añadido', 'CARREFOUR', 1, 0),
	(8431876161625, 'Aceite de oliva intenso 1º Carrefour garrafa 5 l.', 'https://static.carrefour.es/hd_510x_/img_pim_food/128225_00_1.jpg', 'Aceite de oliva refinado, aceite de oliva virgen', 'CARREFOUR', 1, 0),
	(8431876161632, 'Aceite de oliva suave 0,4º Carrefour 1 l.', 'https://static.carrefour.es/hd_510x_/img_pim_food/128215_00_1.jpg', 'Aceite de oliva refinado, aceite de oliva virgen', 'CARREFOUR', 1, 0),
	(8431876161649, 'Aceite de oliva intenso 1º Carrefour 1 l.', 'https://static.carrefour.es/hd_510x_/img_pim_food/128222_00_1.jpg', 'Aceite de oliva refinado, aceite de oliva virgen', 'CARREFOUR', 1, 0),
	(8431876161656, 'Aceite de oliva suave 0,4º Carrefour garrafón 5 l.', 'https://static.carrefour.es/hd_510x_/img_pim_food/128220_00_1.jpg', 'Aceite de oliva refinado, aceite de oliva virgen', 'CARREFOUR', 1, 0),
	(8431876171501, 'Patatas fritas extracrujientes oliva Selección Carrefour 150 g.', 'https://static.carrefour.es/hd_510x_/img_pim_food/177049_00_1.jpg', 'Patatas, aceite de oliva 29% y sal.', 'CARREFOUR SELECCION', 1, 0),
	(8431876172102, 'Yogur semidesnatado con frutas Carrefour pack de 12 unidades de 125 g.', 'https://static.carrefour.es/hd_510x_/img_pim_food/185293_00_1.jpg', 'Leche parcialmente desnatada, azúcar 7,7%, fruta 5% : fresa o melocotón o cereza o frutas del bosque (saúco 2,9%, mora 1,9%, arándano 0,2%) o piña o albaricoque; proteínas de la leche, jarabe de glucosa y fructosa 1,5% (en los yogures con piña, melocotón, fresa, frutas del bosque y cereza), almidón modificado de tapioca (en los yogures con fresa, melocotón, piña y albaricoque) de maíz (en los yogures con cereza), espesantes: goma guar (en los yogures con fresa, melocotón y albaricoque) -goma garrofin (en los yogures con fresa) - pectinas (en los yogures con cereza, frutas del bosque, piña y albaricoque) - goma xantana ( en los yogures cereza y frutas del bosque); aromas, fermentos lácticos, conservador: sorbato potásico; colorantes: carmin (en los yogures con fresa) y extracto de pimentón (en los yogures con albaricoque) ; endurecedor: fosfato de calcio (en los yogures con albaricoque).', 'CARREFOUR', 0, 0),
	(8431876172164, 'Leche entera brik 1 l.', 'https://static.carrefour.es/hd_510x_/img_pim_food/183462_00_1.jpg', 'leche entera UHT', 'PRODUCTO BLANCO', 0, 0),
	(8431876172171, 'Leche semidesnatada brik 1 l.', 'https://static.carrefour.es/hd_510x_/img_pim_food/183479_00_1.jpg', 'leche semidesnatada UHT', 'PRODUCTO BLANCO', 0, 0),
	(8431876172188, 'Leche desnatada brik 1 l.', 'https://static.carrefour.es/hd_510x_/img_pim_food/183487_00_1.jpg', 'leche desnatada UHT', 'CARREFOUR', 0, 0),
	(8431876211016, 'Barra de pan pistola Carrefour 250 g', 'https://static.carrefour.es/hd_510x_/img_pim_food/216537_00_1.jpg', 'harina de trigo, agua, sal, levadura.', 'CARREFOUR', 1, 0),
	(8431876211191, 'Patata para freir Carrefour 3 Kg', 'https://static.carrefour.es/hd_510x_/img_pim_food/288155_00_1.jpg', 'Sin ingredientes', 'CARREFOUR', 1, 0),
	(8431876225341, 'Patata para guarnición Carrefour 1 Kg', 'https://static.carrefour.es/hd_510x_/img_pim_food/809256_00_1.jpg', 'Sin ingredientes', 'CARREFOUR', 1, 0),
	(8431876233964, 'Barra de pan pistola Carrefour 3 ud', 'https://static.carrefour.es/hd_510x_/img_pim_food/668138_00_1.jpg', 'harina de trigo, agua, sal, levadura.', 'CARREFOUR', 1, 0),
	(8431876234121, 'Leche semidesnatada Carrefour sin lactosa brik 1 l.', 'https://static.carrefour.es/hd_510x_/img_pim_food/470401_00_1.jpg', 'Leche semidesnatada de vaca, enzima lactasa y vitaminas A, D, E y ácido fólico. Contenido en lactosa &lt;0,01%', 'CARREFOUR', 0, 0),
	(8431876234138, 'Leche desnatada Carrefour sin lactosa brik 1 l.', 'https://static.carrefour.es/hd_510x_/img_pim_food/470487_00_1.jpg', 'Leche desnatada de vaca, enzima lactasa y vitaminas A, D, E y ácido fólico. Contenido en lactosa &lt;0,01%', 'CARREFOUR', 0, 0),
	(8431876241068, 'Patatas fritas churrería en aceite de girasol Carrefour pack de 2 bolsas de 150 g.', 'https://static.carrefour.es/hd_510x_/img_pim_food/897891_00_1.jpg', 'Patatas(66%), aceite de girasol (33%) y sal. Puede contener trazas de gluten, soja y leche (incluida lactosa)', 'CARREFOUR', 0, 0),
	(8431876245875, 'Galletas Safari Carrefour Classic pack de 3 unidades de 200 g.', 'https://static.carrefour.es/hd_510x_/img_pim_food/945674_00_1.jpg', 'Harina de trigo, azúcar, aceite de girasol alto oleico (14,5%),  suero de leche en polvo, jarabe de glucosa y fructosa, emulgente (lecitina de soja), gasificantes (carbonato ácido de amonio y carbonato ácido de sodio), minerales (hierro elemental y carbonato cálcico),  colorante (caramelo natural), sal, aromas, antioxidante (metabisulfito sódico), vitaminas (vitamina A, tiamina, riboflavina, niacina, vitamina  B6 y vitamina D).', 'CARREFOUR', 0, 0),
	(8431876246926, 'Galletas con canela Carrefour Original sin aceite de palma 470 g.', 'https://static.carrefour.es/hd_510x_/img_pim_food/956274_00_1.jpg', 'Harina de trigo, azúcar, aceite de girasol alto oleico, jarabe de glucosa y fructosa, dextrosa, gasificantes (carbonato ácido de amonio y carbonato ácido de sodio), sal, canela (0,3%), emulgente (lecitina de soja) y antioxidante (metabisulfito sódico) y leche desnatada en polvo.', 'CARREFOUR', 0, 0),
	(8431876246957, 'Leche entera Carrefour botella 1,5 l.', 'https://static.carrefour.es/hd_510x_/img_pim_food/971656_00_1.jpg', 'Leche entera de vaca y vitamina D. Origen de la leche: España.', 'CARREFOUR', 0, 0),
	(8431876246964, 'Leche semidesnatada Carrefour botella 1,5 l.', 'https://static.carrefour.es/hd_510x_/img_pim_food/971658_00_1.jpg', 'Leche semidesnatada de vaca y vitaminas A y D. Origen de la leche: España', 'CARREFOUR', 0, 0),
	(8431876246971, 'Leche desnatada Carrefour botella 1,5 l.', 'https://static.carrefour.es/hd_510x_/img_pim_food/971660_00_1.jpg', 'Leche desnatada, enriquecida con Vitamina A+D.', 'CARREFOUR', 0, 0),
	(8431876248296, 'Galletas de cacao rellenas de crema Black&Roll Carrefour 220 g.', 'https://static.carrefour.es/hd_510x_/img_pim_food/973971_00_1.jpg', 'Harina de trigo, crema 29% (azúcar, grasa vegetal (palma y palmiste), almidón de trigo, aroma de vainilla, emulgente (lecitina de soja)), azúcar, aceite vegetal de girasol alto oleico 10,5%, cacao en polvo 4,5 %, jarabe de glucosa y fructosa, gasificantes (carbonato ácido de sodio y carbonato ácido de amonio), sal, emulgente (lecitina de soja), aroma de vainilla.Puede contener trazas de leche', 'CARREFOUR', 0, 0),
	(8431876248302, 'Galletas rellenas de crema con chocolate blanco Carrefour Classic 252 g.', 'https://static.carrefour.es/hd_510x_/img_pim_food/973967_00_1.jpg', 'Chocolate blanco 47 % (azúcar, manteca de cacao, leche en polvo, suero de leche en polvo, emulgente (lecitina de soja) y aromas), harina de trigo, crema 16%  (azúcar, grasa vegetal (palma y palmiste), almidón de trigo, proteínas de la leche, leche desnatada en polvo, emulgente (lecitina de soja)), azúcar, grasa vegetal (palma), cacao desgrasado en polvo 3% (con correctores de acidez: carbonato potásico y carbonato sódico), gasificantes (carbonato ácido de sodio y carbonato ácido de amonio), sal, emulgente (lecitina de soja), aroma.', 'CARREFOUR', 0, 0),
	(8431876253771, 'Galletas rellenas de crema de chocolate Mega Carrefour Classic 500 g.', 'https://static.carrefour.es/hd_510x_/img_pim_food/275249_00_1.jpg', 'Crema de chocolate 46% (azúcar, grasa vegetal (palma y palmiste), cacao desgrasado en polvo 15%, almidón de trigo, aroma, emulgente (lecitina de soja), aroma natural), harina de trigo, azúcar, aceite vegetal de girasol alto oleico, jarabe de glucosa y fructosa, proteínas de la leche, gasificantes (carbonato ácido de amonio y carbonato ácido de sodio), leche desnatada en polvo, sal, emulgente (lecitina de soja), aroma y antioxidante  (metabisulfito sódico).', 'CARREFOUR', 0, 0),
	(8431876260700, 'Pizza barbacoa 330 g.', 'https://static.carrefour.es/hd_510x_/img_pim_food/262067_00_1.jpg', 'Ingredientes: Base con salsa barbacoa (82,6%): Harina de trigo, salsa [agua, azúcar, tomate, vinagre de vino blanco, almidón modificado, sal, aromas, aroma de humo, extractos vegetales (contiene cebada), estabilizante (goma xantana), antioxidante (ácido cítrico), cayena y conservador (sorbato potásico)], agua, aceite de girasol, sal, azúcar, levadura, gasificantes (difosfato disódico y carbonato ácido de sodio) y almidón de trigo. Guarnición (17,4%): Producto a base de queso [agua, queso (leche pasteurizada, sal, estabilizante (cloruro cálcico), fermentos lácticos y cuajo), aceite de girasol, proteínas de la leche, antioxidante (citrato trisódico) y sal], carne barbacoa (5,8%) [carne de cerdo, carne de vacuno, agua, cebolla, tomate, proteína de soja, sal, especias, aromas (contiene soja), colorante (caramelo natural), azúcar, aroma de humo y corrector de acidez (ácido cítrico)] y especias. Puede contener trazas de huevo y pescado.', 'PRODUCTO BLANCO', 0, 0),
	(8431876260717, 'Pizza de jamón y queso 330 g.', 'https://static.carrefour.es/hd_510x_/img_pim_food/262046_00_1.jpg', 'Ingredientes: Base con salsa de tomate (78,8%): Harina de trigo, salsa de tomate (tomate, agua, aceite de girasol, sal y especias), agua, aceite de girasol, sal, azúcar, levadura, gasificantes (difosfato disódico y carbonato ácido de sodio) y almidón de trigo. Guarnición (21,2%): Producto a base de queso (15%) [agua, queso (3,2%)(leche pasteurizada, sal, estabilizante (cloruro cálcico), fermentos lácticos y cuajo), aceite de girasol, proteína de la leche, antioxidante (citrato trisódico) y sal] y jamón cocido extra (6,1%) [jamón de cerdo, agua, gelificante (carragenano), azúcar, estabilizante (trifosfato de pentasodio), sal, antioxidantes (citrato trisódico y eritorbato sódico) y conservadores (nitrito sódico y acetato de sodio)]. Puede contener trazas de huevo, soja y pescado.', 'PRODUCTO BLANCO', 0, 0),
	(8431876261608, 'Gnocchi de patata Carrefour Extra 500 g.', 'https://static.carrefour.es/hd_510x_/img_pim_food/144785_00_1.jpg', 'Puré de patatas 80% (agua, copos de patata (patata deshidratada, corrector de acidez: ácido cítrico y especias)), harina de trigo, almidón de patata, sal, corrector de acidez: ácido láctico, conservador: ácido sórbico, aromas naturales y espolvoreado con harina de arroz. Puede contener trazas de leche y soja. ', 'CARREFOUR', 0, 0),
	(8431876261776, 'Queso de vaca tierno 200 g.', 'https://static.carrefour.es/hd_510x_/img_pim_food/822371_00_1.jpg', 'Leche pasteurizada de vaca. sal. cuajo y fermentos lácticos.', 'PRODUCTO BLANCO', 0, 0),
	(8431876262124, 'Aceite de orujo de oliva 1 l.', 'https://static.carrefour.es/hd_510x_/img_pim_food/831787_00_1.jpg', 'Aceite de orujo de oliva refinado, aceite de oliva virgen extra', 'PRODUCTO BLANCO', 1, 0),
	(8431876264838, 'Tomate frito Carrefour tarro 550 g.', 'https://static.carrefour.es/hd_510x_/img_pim_food/365663_00_1.jpg', 'Tomate y tomate concentrado (145 g para elaborar 100g de producto),  aceite de girasol,  azúcar, almidón modificado de maíz, sal , hortalizas (cebolla y ajo)  ,acidulante: ácido cítrico.', 'CARREFOUR', 1, 0),
	(8431876264876, 'Tomate frito Carrefour pack de 3 briks de 390 g.', 'https://static.carrefour.es/hd_510x_/img_pim_food/775313_00_1.jpg', 'Tomate (157 g para elaborar 100 g de producto), aceite de girasol, azúcar, almidón modificado de maíz, hortalizas (cebolla y ajo), sal y acidulante: ácido cítrico.', 'CARREFOUR', 1, 0),
	(8431876266832, 'Café latte macchiatto Carrefour sin gluten 250 ml.', 'https://static.carrefour.es/hd_510x_/img_pim_food/864314_00_1.jpg', 'Leche (3,5% M.G.) (79%), café (15%) [agua, café Arábica natural soluble (0,095%)], azúcar, corrector de acidez: fosfatos de sodio, estabilizantes: goma guar y carragenanos.Contenido de cafeína 75 mg/ 250 ml.', 'CARREFOUR', 0, 0),
	(8431876266849, 'Café latte cappuccino Carrefour sin gluten 250 ml.', 'https://static.carrefour.es/hd_510x_/img_pim_food/864302_00_1.jpg', 'Leche semidesnatada (1,5% MG) (79%), café (13,9%) [agua, café Arábica natural soluble (1%)], azúcar (6,5%), cacao desgrasado en polvo (0,35%), corrector de acidez: fosfatos desodio, estabilizantes: goma guar y carragenanos.', 'CARREFOUR', 0, 0),
	(8431876267853, 'Aceite de oliva virgen extra Carrefour spray 200 ml.', 'https://static.carrefour.es/hd_510x_/img_pim_food/179213_00_1.jpg', 'Aceite de oliva virgen extra  de categoría superior, obtenido directamente de aceitunas y sólo mediante procedimientos mecánicos.', 'CARREFOUR', 1, 0),
	(8431876268577, 'Leche entera Carrefour pack de 6 briks de 200 ml.', 'https://static.carrefour.es/hd_510x_/img_pim_food/004930_00_1.jpg', 'Sin ingredientes', 'CARREFOUR', 1, 0),
	(8431876268584, 'Leche semidesnatada Carrefour pack de 6 briks de 200 ml.', 'https://static.carrefour.es/hd_510x_/img_pim_food/004887_00_1.jpg', 'Sin ingredientes', 'CARREFOUR', 1, 0),
	(8431876273274, 'Patatas enteras sin sal añadida Carrefour 400 g.', 'https://static.carrefour.es/hd_510x_/img_pim_food/206048_00_1.jpg', 'Patata, agua y antioxidante (ácido ascórbico)', 'CARREFOUR', 1, 0),
	(8431876275018, 'Café molido mezcla Carrefour 500 g.', 'https://static.carrefour.es/hd_510x_/img_pim_food/331373_00_1.jpg', 'Café y azúcar', 'CARREFOUR', 1, 0),
	(8431876275032, 'Café molido natural Carrefour 500 g.', 'https://static.carrefour.es/hd_510x_/img_pim_food/331397_00_1.jpg', 'Café', 'CARREFOUR', 1, 0),
	(8431876275049, 'Café molido natural descafeinado Carrefour 500 g.', 'https://static.carrefour.es/hd_510x_/img_pim_food/484098_00_1.jpg', 'Café descafeinado', 'CARREFOUR', 1, 0),
	(8431876275230, 'Galletas María dorada Carrefour Classic 800 g.', 'https://static.carrefour.es/hd_510x_/img_pim_food/278263_00_1.jpg', 'Harina de trigo (60%), grasa vegetal (palma), azúcar, jarabe de glucosa y fructosa, gasificantes (carbonato ácido de sodio y carbonato ácido de amonio), sal, lactosa (leche) (0,3%), antioxidante (metabisulfito sódico) y emulgente (lecitina de soja). Puede contener trazas de sésamo.', 'CARREFOUR', 0, 0),
	(8431876276022, 'Pan de antaño Carrefour 1 ud', 'https://static.carrefour.es/hd_510x_/img_pim_food/219164_00_1.jpg', 'Harina (trigo 97%, centeno 3%), agua,  sal, salvado extrafino de trigo, levadura y enzimas', 'CARREFOUR', 1, 0),
	(8431876276947, 'Galletas chocolate blanco rellenas de crema Trío Carrefour Classic 235,8 g.', 'https://static.carrefour.es/hd_510x_/img_pim_food/333575_00_1.jpg', 'Harina de trigo (35%), chocolate blanco 27 % [azúcar, manteca de cacao, leche en polvo (24%), emulgente (lecitina de girasol)), crema 11% (azúcar, aceite vegetal (girasol), leche entera en polvo (11%), grasa vegetal (coco y karité), suero de leche en polvo, mantequilla concentrada (contiene leche), emulgente (lecitina de soja), aromas], aceite vegetal (girasol alto oleico), azúcar, suero de leche en polvo, almidón de trigo, leche desnatada en polvo (1%), oligofructosa, gasificante (carbonato ácido de potasio), sal, emulgente (lecitina de soja), aroma. Puede contener trazas de frutos de cáscara.', 'CARREFOUR', 0, 0),
	(8431876279382, 'Hogaza de Pan 100% Integral Carrefour 500 g.', 'https://static.carrefour.es/hd_510x_/img_pim_food/436829_00_1.jpg', 'Harina integral de trigo (60%), agua, gluten de trigo, levadura, semolina de trigo, aceite vegetal (girasol), sal, conservadoresa (propionato cálcico, ácido sórbico), vinagre de vino, aroma, agente de tratamiento de la harina (fosfatos de calcio). Puede contener trazas de semillas de sésamo.', 'CARREFOUR', 1, 0),
	(8431876281002, 'Pan de molde cereales y semillas Carrefour 460 g.', 'https://static.carrefour.es/hd_510x_/img_pim_food/470152_00_1.jpg', 'Harina de trigo (45%), agua, levadura, semillas de girasol (3,5%), sémola de maíz (3,1%), azúcar, copos de avena (2,4%), semillas de lino (1,8%), copos de trigo (1,3%), vinagre de vino, semillas de sésamo (1%), sal, aceite de girasol, harina de centeno (0,7%), harina de malta (cebada) (0,7%), conservadores (propionato de calcio y ácido sorbico), masa madre de trigo inactiva, harina de malta tostada (cebada) (0,1%) y salvado de soja (0,1%). ', 'CARREFOUR', 1, 0),
	(8431876281088, 'Pan de molde con corteza Carrefour 820 g.', 'https://static.carrefour.es/hd_510x_/img_pim_food/443145_00_1.jpg', 'Harina de trigo, agua, aceite de girasol (3%), levadura, azúcar, sal, harina de haba, emulgentes (Estearoil-2-lactilato sódico y Monoglicéricos y diglicéridos de ácidos grasos), gluten de trigo, conservadores (Propionato cálcico y ácido sórbico), estabilizante (Goma guar), agente de tratamiento de la harina: ácido ascórbico y aroma. Puede contener trazas de frutos de cáscara, granos de sésamo, huevos, leche, soja y/o productos derivados.', 'CARREFOUR', 0, 0),
	(8431876287288, 'Yogur líquido de fresa Carrefour Classic\' pack de 12 unidades de 100 g.', 'https://static.carrefour.es/hd_510x_/img_pim_food/437957_00_1.jpg', 'LECHE pasteurizada parcialmente desnatada (1,2% de grasa) azúcar, puré de fresa 3%, LECHE desnatada en polvo, almidón modificado de maíz, aroma, estabilizante: pectinas, colorantes: antocianinas y carotenos, fermentos LÁCTICOS', 'CARREFOUR', 0, 0),
	(8431876288445, 'Pechuga de pollo al natural en tiras Carrefour sin gluten 140 g.', 'https://static.carrefour.es/hd_510x_/img_pim_food/476944_00_1.jpg', 'Sin ingredientes', 'CARREFOUR', 1, 0),
	(8431876288643, 'Huevas de maruca de Nuestra Tierra 150 g', 'https://static.carrefour.es/hd_510x_/img_pim_food/652704_00_1.jpg', 'Maruca (Molva molva), sal agua, colorante: ácido carmínico y extracto de especias.', 'DE NUESTRA TIERRA', 1, 0),
	(8431876288650, 'Huevas de Atún De Nuestra Tierra 150 g', 'https://static.carrefour.es/hd_510x_/img_pim_food/652701_00_1.jpg', 'Atún (Thunnus albacares) y sal.', 'DE NUESTRA TIERRA', 1, 0),
	(8431876291223, 'Patata baby al vapor para microondas El Mercado Carrefour bolsa de 400 g', 'https://static.carrefour.es/hd_510x_/img_pim_food/492575_00_1.jpg', 'Sin ingredientes', 'CARREFOUR', 1, 0),
	(8431876291247, 'Queso de Vaca Tierno Provolone con Orégano Carrefour Extra pieza de 150 g', 'https://static.carrefour.es/hd_510x_/img_pim_food/688449_00_1.jpg', 'Leche de vaca, sal, orégano (5%) y cuajo.', 'CARREFOUR', 0, 0),
	(8431876291254, 'Queso de Vaca Tierno Provolone dulce Carrefour Extra pieza de 150 g', 'https://static.carrefour.es/hd_510x_/img_pim_food/688448_00_1.jpg', 'Leche de vaca, sal y cuajo.', 'CARREFOUR', 0, 0),
	(8431876292664, 'Pan payés 5 cereales con semillas de calabaza rebanado 490 g', 'https://static.carrefour.es/hd_510x_/img_pim_food/349084_00_1.jpg', 'Harina de trigo 45%, agua, mezcla de semillas 5,3%( semillas de calabaza (3,1%), semillas de linaza, semillas de girasol, copos de avena, semillas de sésamo), otros cereales 10% (harina de centeno, harina de cebada malteada tostada,  mijo pelado, harina de centeno tostado, sémola de trigo, harina de arroz, salvado de trigo,  gluten de trigo y masa madre centeno),levadura, aceite vegetal de girasol, azúcar,  , sal, vinagre, emulgentes (E-471 y E-481, E-472e), conservadores (E-200 y E-282), estabilizante (E-412) y antioxidante (E-300). Puede contener trazas de soja.', 'CARREFOUR', 1, 0),
	(8431876294293, 'Yogur griego natural Carrefour Extra pack de 6 unidades de 125 g.', 'https://static.carrefour.es/hd_510x_/img_pim_food/621804_00_1.jpg', 'Leche entera pasteurizada 79,5%, nata pasteurizada, leche desnatada en polvo y fermentos lácticos.', 'CARREFOUR', 0, 0),
	(8431876294309, 'Yogur griego natural azucarado Carrefour Extra pack de 6 unidades de 125 g.', 'https://static.carrefour.es/hd_510x_/img_pim_food/621853_00_1.jpg', 'Leche entera pasteurizada, nata pasteurizada, azúcar 6,4%, leche desnatada en polvo y fermentos lácticos.', 'CARREFOUR', 0, 0),
	(8431876294316, 'Yogur griego con stracciatella Carrefour Extra sin gluten pack de 6 unidades de 125 g.', 'https://static.carrefour.es/hd_510x_/img_pim_food/621836_00_1.jpg', 'Leche entera pasteruizada, nata, preparado de stracciatella (18%) [jarabe de glucosa y fructosa, agua, trozos de chocolate (2,5%) (pasta de cacao, manteca de cacao, azúcar, emulgente: lecitinas de girasol), azúcar, almidón modificado de maíz, estabilizantes: pectinas y goma guar, aroma natural, corrector de acidez: ácido cítrico], azúcar (4,1%) proteínas de la leche en polvo y fermentos lácticos.', 'CARREFOUR', 0, 0),
	(8431876294323, 'Yogur griego de fresa Carrefour Extra sin gluten pack de 6 unidades de 125 g.', 'https://static.carrefour.es/hd_510x_/img_pim_food/628189_00_1.jpg', 'LECHE entera 68%, NATA 12, 9%, azúcar 9, 6%, fresa 5%, jarabe de glucosa y fructosa 2, 7%, LACTOSA y proteínas de LECHE, aromas, almidón modificado de maíz, colorante : rojo de remolacha, estabilizadores : goma de garrofin y goma xantana, corrector de la acidez : citratos de sodio, fermentos lácticos.', 'CARREFOUR', 0, 0),
	(8431876296471, 'Pan de la abuela 360 g', 'https://static.carrefour.es/hd_510x_/img_pim_food/550664_00_1.jpg', 'Harina de trigo, agua, sal y levadura.', 'CARREFOUR', 1, 0),
	(8431876299427, 'Pan rebanado hogaza 500 g', 'https://static.carrefour.es/hd_510x_/img_pim_food/503317_00_1.jpg', 'Harina de trigo, agua, harina de centeno integral, aceite de oliva virgen extra 2,06%, azúcar, levadura, gluten de trigo, sal y conservadores (E-282, E-200). Contiene gluten. Puede contener semillas de sésamo y soja.', 'CARREFOUR', 1, 0),
	(8431876299434, 'Pan de molde rústico 600 g', 'https://static.carrefour.es/hd_510x_/img_pim_food/688260_00_1.jpg', 'Harina de trigo, agua, levadura, harina de centeno integral, aceite de oliva virgen extra 1,9%, azúcar, sal, gluten de trigo, conservadores (propionato cálcico y ácido sórbico) y aroma natural. Contiene gluten. Puede contener sésamo y soja.', 'CARREFOUR', 1, 0),
	(8431876299472, 'Pan de hamburguesa rústica XXL 4 ud', 'https://static.carrefour.es/hd_510x_/img_pim_food/067400_00_1.jpg', 'Harina de trigo, agua, aceite de girasol, levadura, gluten de trigo, sal, masa madre de centeno y trigo deshidratada, emulgente (E-471) y conservadores (E-282, E-200). Puede contener trazas de sésamo, soja, huevo y leche.', 'CARREFOUR', 0, 0),
	(8431876300369, 'Yogur de fresa Carrefour Classic\' pack de 4 unidades de 125 g.', 'https://static.carrefour.es/hd_510x_/img_pim_food/372922_00_1.jpg', 'Leche parcialmente desnatada pasteurizada, azúcar, leche en polvo desnatada, fermentos lácticos, aroma y colorante (E 120). Origen de la leche: España. Puede contener trazas de cereales con gluten y frutos de cáscara.', 'CARREFOUR', 0, 0),
	(8431876300420, 'Yogur natural Carrefour pack de 8 unidades de 125 g.', 'https://static.carrefour.es/hd_510x_/img_pim_food/441067_00_1.jpg', 'LECHE parcialmente desnatada, LECHE desmatada en polvo, proteínas de la LECHE, fermentos lácticos', 'CARREFOUR', 0, 0),
	(8431876300444, 'Yogur natural con azúcar de caña Carrefour Classic\' pack de 8 unidades de 125 g.', 'https://static.carrefour.es/hd_510x_/img_pim_food/441057_00_1.jpg', 'LECHE parcialmente desnatada, azúcar de caña (7,6%),  LECHE desnatada en polvo, fermentos lácticos', 'CARREFOUR', 0, 0),
	(8431876300505, 'Yogur de coco Carrefour Classic\' pack de 4 unidades de 125 g.', 'https://static.carrefour.es/hd_510x_/img_pim_food/372878_00_1.jpg', 'Leche parcialmente desnatada pasteurizada, azúcar, leche en polvo desnatada, fermentos lácticos y aroma. Origen de la leche: España. Puede contener trazas de cereales con gluten y frutos de cáscara.', 'CARREFOUR', 0, 0),
	(8431876300512, 'Yogur de limón Carrefour Classic\' pack de 4 unidades de 125 g.', 'https://static.carrefour.es/hd_510x_/img_pim_food/373215_00_1.jpg', 'Leche parcialmente desnatada pasteurizada, azúcar, leche en polvo desnatada, fermentos lácticos, aroma y colorante (E 100). Origen de la leche: España. Puede contener trazas de cereales con gluten y frutos de cáscara.', 'CARREFOUR', 0, 0),
	(8431876300529, 'Yogur de macedonia Carrefour Classic\' pack de 4 unidades de 125 g.', 'https://static.carrefour.es/hd_510x_/img_pim_food/373116_00_1.jpg', 'Leche parcialmente desnatada pasteurizada, azúcar, leche en polvo desnatada, fermentos lácticos, aromas y colorantes (E 100 y E 120). Origen de la leche: España. Puede contener trazas de cereales con gluten y frutos de cáscara.', 'CARREFOUR', 0, 0),
	(8431876304367, 'Tomate cherry Carrefour El Mercado 500 g', 'https://static.carrefour.es/hd_510x_/img_pim_food/646380_00_1.jpg', 'Sin ingredientes', 'CARREFOUR', 1, 0),
	(8431876305333, 'Hueva de bacalao salado 160 g', 'https://static.carrefour.es/hd_510x_/img_pim_food/095592_00_1.jpg', 'Hueva de bacalao (97%)(Gadus morhua), aceite refinado de girasol, sal marina de las salinas de San Pedro del Pinatar y colorante natural rojo cochinilla. Pescado.', 'CARREFOUR', 0, 0),
	(8431876305340, 'Huevas de Merluza Saladas Carrefour El Mercado 160 g', 'https://static.carrefour.es/hd_510x_/img_pim_food/847314_00_1.jpg', 'Hueva de merluza (Merluccius merluccius)(98%), aceite refinado de girasol, sal marina de las Salinas de San Pedro del Pinatar y colorante natural rojo cochinilla.pescado', 'CARREFOUR', 0, 0),
	(8431876305357, 'Hueva salada de maruca Carrefour El Mercado 160 g', 'https://static.carrefour.es/hd_510x_/img_pim_food/095613_00_1.jpg', 'Hueva de maruca blanca, azul (97%)(Molva molva, Molva dypterygia), aceite refinado de girasol, sal marina de las Salinas de San Pedro del Pinatar y colorante natural rojo cochinilla. Pescado.', 'CARREFOUR', 0, 0),
	(8431876305364, 'Huevas de mújol salado Carrefour El Mercado 100 g', 'https://static.carrefour.es/hd_510x_/img_pim_food/847335_00_1.jpg', 'Hueva de mújol (Mugil cephalus) y sal marina de las Salinas de San Pedro del Pinatar. Pescado.', 'CARREFOUR', 0, 0),
	(8431876305371, 'Hueva de atún aleta amarilla Carrefour El Mercado 160 g', 'https://static.carrefour.es/hd_510x_/img_pim_food/461143_00_1.jpg', 'Hueva de atún aleta amarilla (98%)(Thunnus albacares) y sal marina de las Salinas de San Pedro del Pinatar.pescado', 'CARREFOUR', 0, 0),
	(8431876305548, 'Yogur de fresa y plátano Carrefour Classic\' pack de 8 unidades de 125 g.', 'https://static.carrefour.es/hd_510x_/img_pim_food/373057_00_1.jpg', 'Leche parcialmente desnatada pasteurizada, azúcar, leche en polvo desnatada, fermentos lácticos, aromas y colorantes: carmín (fresa), curcumina (plátano), caramelo natural (plátano). Origen de la leche: España. Puede contener trazas de cereales con gluten y frutos de cáscara.', 'CARREFOUR', 0, 0),
	(8431876305883, 'Yogur desnatado de fresa, de piña, de limón y de frutas del bosque sin azúcar añadido Carrefour Clas', 'https://static.carrefour.es/hd_510x_/img_pim_food/372715_00_1.jpg', 'Leche desnatada pasteurizada, leche en polvo desnatada, fermentos lácticos, gelatina, edulcorantes: acesulfamo K y sucralosa, aromas y colorantes: carmin (fresa y frutas del bosque), curcumina (limón y piña) y caramelo natural (piña). Origen de la leche: España. Puede contener trazas de cereales con gluten y frutos de cáscara.', 'CARREFOUR', 0, 0),
	(8431876306934, 'Agua mineral Fuente Primavera 50 cl.', 'https://static.carrefour.es/hd_510x_/img_pim_food/181141_00_1.jpg', 'Composición química (mg/l):  Bicarbonatos 297, Sulfatos 44, Cloruro 36, Calcio 89, Magnesio 23, Sodio 19, Sílice 7. Conductividad a 20ºC 595 microScm y pH 7.5', 'CARREFOUR', 1, 0),
	(8431876306965, 'Agua mineral Fuente Primavera 1,5 l.', 'https://static.carrefour.es/hd_510x_/img_pim_food/474835_00_1.jpg', 'Composición química (mg/l):  Bicarbonatos 297, Sulfatos 44, Cloruro 36, Calcio 89, Magnesio 23, Sodio 19, Sílice 7. Conductividad a 20ºC 595 microScm y pH 7.5', 'CARREFOUR', 1, 0),
	(8431876306972, 'Agua mineral Fuente Primavera 5 l.', 'https://static.carrefour.es/hd_510x_/img_pim_food/507701_00_1.jpg', 'Composición química (mg/l):  Bicarbonatos 297, Sulfatos 44, Cloruro 36, Calcio 89, Magnesio 23, Sodio 19, Sílice 7. Conductividad a 20ºC 595 microScm y pH 7.5', 'CARREFOUR', 1, 0),
	(8431876310399, 'Pan media hogaza integral espelta 400 g', 'https://static.carrefour.es/hd_510x_/img_pim_food/516203_00_1.jpg', 'INGREDIENTES: HARINA INTEGRAL DE  TRIGO  ESPELTA (49%). agua, fructosa, GLUTEN DE TRIGO, levadura, aceite de giresol sal, vinagre,HARINA DE CENTENO, conservadores (E-282 y E-200) Decoración SALVADO DE TRIGO. Puede contener trazas de SOJA y  GRANOS DE SÉSAMO Contiene un 99.5% de harina integral de trigo espelta sobre el total de las harinas.', 'CARREFOUR', 1, 0),
	(8431876312249, 'Tomate natural rallado Carrefour 230 g', 'https://static.carrefour.es/hd_510x_/img_pim_food/186169_00_1.jpg', 'Sin ingredientes', 'CARREFOUR', 1, 0),
	(8431876318128, 'Tomate cherry cocktail romántico Carrefour 300 g', 'https://static.carrefour.es/hd_510x_/img_pim_food/369248_00_1.jpg', 'Sin ingredientes', 'CARREFOUR', 1, 0),
	(8431876321357, 'Yogur de fresa, de galleta, de plátano y de frutos del bosque, de limón y de coco Carrefour sin glut', 'https://static.carrefour.es/hd_510x_/img_pim_food/025971_00_1.jpg', 'Leche parcialmente desnatada pasteurizada (2% de grasa), azúcar, leche en polvo desnatada, fermentos lácticos, aromas y colorantes: carmín (fresa, frutas del bosque), curcumina (limón, plátano), caramelo natural (plátano, galleta). Origen de la leche: España.', 'CARREFOUR', 0, 0),
	(8431876323023, 'Tomate Cherry Sabores Carrefour 500 gr', 'https://static.carrefour.es/hd_510x_/img_pim_food/729693_00_1.jpg', 'Sin ingredientes', 'CARREFOUR', 1, 0),
	(8431876323412, 'Arroz blanco cocido Classic Carrefour sin gluten pack de 2 unidades de 250 g.', 'https://static.carrefour.es/hd_510x_/img_pim_food/099178_00_1.jpg', 'Arroz cocido (98%) (agua,arroz), aceite de girasol,emulgente:lecitinas (soja), sal', 'CARREFOUR', 0, 0),
	(8431876323429, 'Arroz basmati para microondas Classic Carrefour sin gluten pack de 2 unidades de 125 g.', 'https://static.carrefour.es/hd_510x_/img_pim_food/099191_00_1.jpg', 'Arroz basmati cocido (96%) (agua, arroz basmati), aceite de girasol, emulgente: lecitinas (soja), sal', 'CARREFOUR', 0, 0),
	(8431876323436, 'Arroz redondo integral para microondas Classic Carrefour sin gluten pack de 2 unidades de 125 g.', 'https://static.carrefour.es/hd_510x_/img_pim_food/099187_00_1.jpg', 'Arroz integral cocido (96%) (agua, arroz integral), aceite de girasol, emulgente: lecitina (soja) , sal.', 'CARREFOUR', 0, 0),
	(8431876325751, 'Arroz J Sendra Extra Carrefour 1 kg.', 'https://static.carrefour.es/hd_510x_/img_pim_food/130117_00_1.jpg', 'arroz', 'CARREFOUR', 1, 0),
	(8431876328301, 'Queso de untar clásico Classic´ Carrefour 300 g.', 'https://static.carrefour.es/hd_510x_/img_pim_food/918951_00_1.jpg', 'Queso fresco (leche pasteurizada, nata pasteurizada, fermentos lácticos, coagulante microbiano), sal, espesante: goma guar. ', 'CARREFOUR', 0, 0),
	(8432022001208, 'Pizza de jamón y queso Bonnatura Gourmet 385 G.', 'https://static.carrefour.es/hd_510x_/img_pim_food/517489_00_1.jpg', 'Harina de trigo, salsa de tomate (tomate concentrado, agua, azúcar, aceite de girasol, sal, aceite de oliva, especias y plantas aromáticas), agua, jamón cocido 11,7 % (jamón de cerdo, agua, sal, leche en polvo, azúcar, maltodextrina de maíz, aromas, estabilizantes: trifosfatos y carragenanos, antioxidantes: eritorbato sódico y citratos de sodio), queso Edam 7,8 %, queso Mozzarella 5,2 % (acidulante: ácido cítrico), aceite de oliva 2,5 %, sal, levadura, dextrosa, azúcar y orégano.', 'Desconocida', 0, 0),
	(8432425091202, 'Café latte cappuccino Kaiku sin gluten 370 ml.', 'https://static.carrefour.es/hd_510x_/img_pim_food/224116_00_1.jpg', 'Leche semidesnatada (78%), café Arábica de producción sostenible (17%), azúcar y cacao en polvo de producción sostenible (0,2%).', 'KAIKU', 0, 0),
	(8434165486485, 'Galletas con cereales, vitaminas y calcio Tosta Rica Cuétara 860 g.', 'https://static.carrefour.es/hd_510x_/img_pim_food/718507_00_1.jpg', 'Harina de TRIGO (68%), azúcar, aceite  de girasol alto oleico (14%), suero LÁCTEO en polvo, jarabe de  glucosa y fructosa, emulgente (lecitina), sal, gasificantes (carbonato de sodio y carbonato de amonio), colorante: E150d (contiene SULFITOS), aromas (contiene LECHE), vitaminas (A, D, tiamina (B1), riboflavina (B2), niacina (B3), B6), sales minerales (hierro elemental y carbonato de calcio), agente de tratamiento de la harina (METABISULFITO sódico).', 'TOSTA RICA', 0, 0),
	(8435291300102, 'Aceite de oliva virgen extra Dcoop 1 l.', 'https://static.carrefour.es/hd_510x_/img_pim_food/958684_00_1.jpg', 'Aceite De Oliva Virgen Extra', 'DCOOP', 1, 0),
	(8436033872611, 'Atún en aceite de girasol Montey sin lactosa 950 g.', 'https://static.carrefour.es/hd_510x_/img_pim_food/527440_00_1.jpg', 'Atún, aceite girasol y sal', 'MONTEY', 1, 0),
	(8437000124009, 'Huevos camperos Pazo de Vilane 12 ud.', 'https://static.carrefour.es/hd_510x_/img_pim_food/255594_00_1.jpg', 'Sin ingredientes', 'Desconocida', 1, 0),
	(8437003310089, 'Pizza de atún Trigal 300 g.', 'https://static.carrefour.es/hd_510x_/img_pim_food/109015_00_1.jpg', 'BASE (63,3%): harina de trigo, agua, aceite de oliva, sal, levadura, emulgente (E-491). GUARNICIÓN (36,7%): [Preparado lácteo (13,3%): agua, grasa vegetal de palma/coco, proteínas de la leche, almidón modificado de patata (E-1404 y E-1450), mozzarella, sal, acidulantes (E-330 y E-331), estabilizantes (E-340, E-407, E-417 y E-452), suero lácteo, aroma de queso, colorante (E-160a), conservador (E-202). Salsa tomate (13,3%): Puré de tomate, almidón modificado de patata, sal, aceite de girasol, azúcar, acidulante (E-330), hierbas aromáticas y especias. Atún (8,33%): atún, caldo vegetal (extracto vegetal de arveja y zanahoria), aceite de girasol y sal. Orégano.]Contiene gluten, leche y pescado. Puede contener trazas de soja, mostaza, apio, sésamo y sulfitos.', 'OHH PIZZA', 0, 0),
	(8437003310911, 'Pizza de jamón Trigal 300 g.', 'https://static.carrefour.es/hd_510x_/img_pim_food/110045_00_1.jpg', 'BASE (63,3%): harina de trigo, agua, aceite de oliva, sal, levadura, emulgente (E-491). GUARNICIÓN (36,7%): [Preparado lácteo (13,3%): agua, grasa vegetal de palma/coco, proteínas de la leche, almidón modificado de patata (E-1404 y E-1450), mozzarella, sal, acidulantes (E-330 y E-331), estabilizantes (E-340, E-407, E-417 y E-452), suero lácteo, aroma de queso, colorante (E-160a), conservador (E-202). Salsa tomate (13,3%): Puré de tomate, almidón modificado de patata, sal, aceite de girasol, azúcar, acidulante (E-330), hierbas aromáticas y especias. Fiambre paleta (10%): Paleta de cerdo, fécula de patata, proteína vegetal de soja, agua, sal dextrosa, estabilizante (E-451i), lactosa, espesante (E-407), aromas, potenciador del sabor (E-621), antioxidantes (E-301, E-250) y colorante (E-120). Orégano.]Contiene gluten, leche y soja. Puede contener trazas de soja, pescado, mostaza, apio, sésamo y sulfitos.', 'OHH PIZZA', 0, 0),
	(8437005669185, 'Pollo asado al horno La Carloteña sin gluten sin lactosa 900 g.', 'https://static.carrefour.es/hd_510x_/img_pim_food/485037_00_1.jpg', 'Un pollo, aceite de girasol, sal, dextrosa, almidón, especias, extracto de levadura, estabilizantes (E-450, E-451), aroma. Puede contener trazas de soja, proteínas de la leche, frutos de cáscara y huevo. SIN GLUTEN. SIN LACTOSA. RECICLA. 100% pollo NACIONAL. Contiene 1 POLLO.', 'LA CARLOTEÑA', 0, 0),
	(8437022182193, 'Galletas María dorada Family Biscuits 800 g.', 'https://static.carrefour.es/hd_510x_/img_pim_food/096471_00_1.jpg', 'Harina de trigo, azúcar, grasas vegetales (palma, coco), jarabe de glucosa, gasificantes (carbonatos de amonio, carbonatos de sodio), sal, suero lácteo en polvo, antioxidante (metabisulfito sódico), emulgente (lecitina de girasol), aroma. Contiene gluten, leche y sulfitos. Puede contener soja y mostaza.', 'FAMILY BISCUITS', 0, 0),
	(8480000160430, 'Tomate triturado Hacendado', 'https://prod-mercadona.imgix.net/images/117a2a2230b103f17b50e07a73a8fc38.jpg?fit=crop&h=600&w=600', 'Tomate, sal, acidulante: ácido cítrico.', 'Hacendado', 1, 0),
	(8480000160447, 'Tomate triturado Hacendado', 'https://prod-mercadona.imgix.net/images/59340567084cfe874b07dec6557c0b78.jpg?fit=crop&h=600&w=600', 'Tomate, sal, acidulante: ácido cítrico.', 'Hacendado', 1, 0),
	(8480000171085, 'Tomate frito Hacendado', 'https://prod-mercadona.imgix.net/images/80f47b9ceb89f9e0ec69b6df0fc11fed.jpg?fit=crop&h=600&w=600', 'Tomate, aceite de girasol, azúcar, almidón de maíz, sal, cebolla y ajo.', 'Hacendado', 1, 0),
	(8480000171320, 'Tomate frito Hacendado', 'https://prod-mercadona.imgix.net/images/f2143ccd2223de0ecda2948a4cb1af72.jpg?fit=crop&h=600&w=600', 'Tomate, aceite de girasol, azúcar, almidón de maíz, sal, cebolla, ajo y conservador (sorbato potásico).', 'Hacendado', 1, 0),
	(8480000171511, 'Tomate frito Hacendado', 'https://prod-mercadona.imgix.net/images/3192035041a11274145b3a12c81a1a3c.jpg?fit=crop&h=600&w=600', 'Tomate, aceite de girasol, azúcar, almidón de maíz, sal, cebolla, ajo y conservador (sorbato potásico).', 'Hacendado', 1, 0),
	(8480000198082, 'Edulcorante en sobres sacarina Hacendado', 'https://prod-mercadona.imgix.net/images/2142ee1d5f3cc2430b847419d44dc6dd.jpg?fit=crop&h=600&w=600', 'Dextrosa, edulcorantes (ciclamato sódico E-952 y sacarina sódica E-954 1%).', 'Hacendado', 0, 0),
	(8480000198594, 'Panela azúcar moreno de caña integral Hacendado', 'https://prod-mercadona.imgix.net/images/37828e8e0b311ebb395a481f35246b6f.jpg?fit=crop&h=600&w=600', 'Jugo de caña de azúcar cristalizado (100%)', 'Hacendado', 1, 0),
	(8480000198976, 'Azúcar blanco', 'https://prod-mercadona.imgix.net/images/d8dd394c00551439810e646368369976.jpg?fit=crop&h=600&w=600', 'Azúcar', 'Desconocida', 1, 0),
	(8480000592309, 'Pechuga de pavo 0% m.g Hacendado al corte', 'https://prod-mercadona.imgix.net/images/a7fd5e0365234c49ade92a8851abc6bd.jpg?fit=crop&h=600&w=600', 'Pechuga de pavo (70%), agua, cloruro sódico, cloruro potásico, dextrosa, azúcar, proteína de soja, estabilizantes (E-451i, E-407), especias, aromas, antioxidante (ascorbato sódico), conservador (nitrito sódico).', 'Hacendado', 0, 0),
	(8480000592330, 'Jamón cocido jugoso Hacendado', 'https://prod-mercadona.imgix.net/images/c0a899e75496f9e69fbbcde4b8cd2f25.jpg?fit=crop&h=600&w=600', 'Jamón (75%), agua, sal, dextrosa, azúcar, estabilizantes (E-451i, E-450i, E-407), antioxidantes (ascorbato sódico, E-331), aromas, especias, conservador (nitrito sódico).', 'Hacendado', 0, 0),
	(8480000592477, 'Pechuga de pavo bajo en sal Hacendado finas lonchas', 'https://prod-mercadona.imgix.net/images/986b20b5f9f8f9b2445288034dc966c4.jpg?fit=crop&h=600&w=600', 'Pechuga de pavo (65%), agua, dextrosa, cloruro potásico, cloruro sódico, estabilizantes (E-451i, E-407), especias, aromas, antioxidante (ascorbato sódico), conservador (nitrito sódico). Puede contener trazas de soja.', 'Hacendado', 0, 0),
	(8480000592569, 'Jamón cocido natural Hacendado lonchas', 'https://prod-mercadona.imgix.net/images/d32d0ee1e15c5b45865ffb0855889418.jpg?fit=crop&h=600&w=600', 'Jamón (90%), sal, dextrosa, antioxidante (ascorbato sódico), estabilizante (carragenato), especias, aromas, conservador (nitrito sódico).', 'Hacendado', 0, 0),
	(8593868005833, 'Cerveza artesana La Sagra Bohemia lata 33 cl.', 'https://static.carrefour.es/hd_510x_/img_pim_food/519194_00_1.jpg', 'Agua, malta de cebada, lúpulo y levadura.', 'SAGRA', 1, 0),
	(8710100127300, 'Cereales con avena integral y chocolate Cruesli Quaker 375 g.', 'https://static.carrefour.es/hd_510x_/img_pim_food/059839_00_1.jpg', 'Copos de avena integral (37,5%), chocolate (12%) [pasta de cacao, azúcar, cacao desgrasado en polvo, aroma a vainilla, emulgente (lecitina de soja)], aceite de girasol, azúcar, copos de trigo integral (9,5%), jarabe de glucosa, oligofructosa, harina de arroz (2,1%), harina de trigo (1,9%), coco seco, melazas, sal, canela, azúcar caramelizado, aromas, antioxidante (tocoferol). El chocolate contiene un mínimo de 65% de sólidos de cacao. Este producto se fabrica en una fábrica que también usa leche, frutos secos, sésamo y cacahuetes.', 'QUAKER', 0, 0);

-- Volcando datos para la tabla foodcheck.web_producto_alergenos: ~391 rows (aproximadamente)
DELETE FROM `web_producto_alergenos`;
INSERT INTO `web_producto_alergenos` (`id`, `producto_id`, `alergeno_id`) VALUES
	(78, 2925035000000, 2),
	(93, 2925062000004, 2),
	(355, 2953577000004, 3),
	(390, 2953652000004, 2),
	(391, 2953652000004, 3),
	(364, 2991873000007, 3),
	(374, 2995944000002, 3),
	(89, 2999340000000, 2),
	(169, 3023290400395, 2),
	(170, 3023290400395, 3),
	(171, 3023290400395, 5),
	(13, 3560070045990, 1),
	(14, 3560070045990, 2),
	(90, 3560070100453, 2),
	(87, 3560070117185, 2),
	(92, 3560070119851, 2),
	(85, 3560070157198, 2),
	(83, 3560070219421, 2),
	(86, 3560070246571, 2),
	(88, 3560070285846, 2),
	(82, 3560070417933, 2),
	(97, 3560070418053, 2),
	(98, 3560070418084, 2),
	(204, 3560070468751, 1),
	(205, 3560070468751, 3),
	(208, 3560070468782, 1),
	(209, 3560070468782, 3),
	(189, 3560070468843, 1),
	(190, 3560070468843, 3),
	(187, 3560070468966, 1),
	(188, 3560070468966, 3),
	(210, 3560070468997, 1),
	(211, 3560070468997, 3),
	(202, 3560070469024, 1),
	(203, 3560070469024, 3),
	(197, 3560070469055, 1),
	(198, 3560070469055, 3),
	(199, 3560070489442, 1),
	(200, 3560070489442, 3),
	(79, 3560070514786, 1),
	(80, 3560070514786, 2),
	(4, 3560070596386, 1),
	(5, 3560070596386, 2),
	(389, 3560070596386, 3),
	(6, 3560070596386, 5),
	(7, 3560070596386, 7),
	(8, 3560070596386, 8),
	(392, 3560070820313, 2),
	(393, 3560070820313, 7),
	(206, 3560070821327, 1),
	(207, 3560070821327, 3),
	(61, 3560070950317, 2),
	(269, 3560071092801, 2),
	(270, 3560071092801, 7),
	(216, 3560071151478, 2),
	(217, 3560071151478, 7),
	(325, 3560071162146, 8),
	(341, 3560071192396, 3),
	(215, 3560071221478, 1),
	(116, 3560071267575, 3),
	(117, 3560071267575, 5),
	(115, 3560071267575, 13),
	(340, 3560071322304, 3),
	(322, 3560071435301, 8),
	(331, 3560071467272, 3),
	(271, 4001724038870, 2),
	(272, 4001724038870, 3),
	(273, 4001724038870, 5),
	(121, 4003994153857, 3),
	(336, 4066600601920, 3),
	(124, 5010029227062, 2),
	(125, 5010029227062, 3),
	(126, 5010029227062, 5),
	(127, 5010029227062, 6),
	(122, 5050083313509, 2),
	(123, 5050083313509, 3),
	(118, 5053827139335, 2),
	(119, 5053827139335, 3),
	(120, 5053827139335, 5),
	(136, 5053827176057, 2),
	(141, 5059319025681, 3),
	(77, 5410126006339, 5),
	(145, 5900020036988, 2),
	(146, 5900020036988, 3),
	(148, 7613031421459, 2),
	(149, 7613031421459, 3),
	(142, 7613031915095, 2),
	(143, 7613031915095, 3),
	(144, 7613031915095, 6),
	(238, 7613032372378, 1),
	(239, 7613032372378, 2),
	(240, 7613032372378, 5),
	(241, 7613032372378, 6),
	(242, 7613032372378, 7),
	(243, 7613032372378, 8),
	(244, 7613032372378, 9),
	(245, 7613032372378, 16),
	(246, 7613032372378, 18),
	(138, 7613033213342, 2),
	(139, 7613033213342, 3),
	(140, 7613033213342, 5),
	(134, 7613034240989, 2),
	(135, 7613034240989, 3),
	(66, 7622210293381, 2),
	(67, 7622210293381, 3),
	(68, 7622210293381, 5),
	(69, 7622210293381, 6),
	(70, 7622300744663, 2),
	(71, 7622300744663, 3),
	(72, 7622300744663, 5),
	(201, 8000139910142, 3),
	(182, 8000139910197, 3),
	(191, 8000139910234, 3),
	(212, 8000139910258, 3),
	(196, 8000139910265, 3),
	(408, 8000500014455, 1),
	(310, 8000500014455, 2),
	(409, 8000500014455, 3),
	(311, 8000500014455, 5),
	(411, 8000500101308, 1),
	(314, 8000500101308, 2),
	(315, 8000500101308, 3),
	(316, 8000500101308, 5),
	(414, 8000500141885, 1),
	(327, 8000500141885, 2),
	(328, 8000500141885, 3),
	(329, 8000500141885, 5),
	(415, 8004735106077, 1),
	(306, 8004735106077, 2),
	(416, 8004735106077, 3),
	(307, 8004735106077, 5),
	(308, 8004735106077, 6),
	(50, 8410000802771, 2),
	(51, 8410000802771, 3),
	(52, 8410000802771, 5),
	(132, 8410100026312, 2),
	(133, 8410100026312, 3),
	(29, 8410180225087, 1),
	(30, 8410180225087, 2),
	(31, 8410180225087, 3),
	(32, 8410180225087, 5),
	(381, 8410184013086, 5),
	(376, 8410184019781, 5),
	(375, 8410184800068, 5),
	(379, 8410184800150, 5),
	(137, 8410188012092, 3),
	(147, 8410188051305, 3),
	(114, 8410285114903, 2),
	(102, 8410297010200, 2),
	(100, 8410297012150, 2),
	(110, 8410297112041, 2),
	(394, 8410320033503, 1),
	(395, 8410320033503, 2),
	(396, 8410320033503, 3),
	(397, 8410320033503, 5),
	(398, 8410320033503, 8),
	(274, 8410320033527, 1),
	(275, 8410320033527, 2),
	(276, 8410320033527, 3),
	(277, 8410320033527, 5),
	(278, 8410320033527, 8),
	(252, 8410320034319, 1),
	(253, 8410320034319, 2),
	(254, 8410320034319, 3),
	(255, 8410320034319, 4),
	(256, 8410320034319, 5),
	(257, 8410320034319, 7),
	(258, 8410320034319, 8),
	(259, 8410320034319, 16),
	(220, 8410320307604, 1),
	(221, 8410320307604, 2),
	(222, 8410320307604, 3),
	(223, 8410320307604, 5),
	(224, 8410320307604, 8),
	(22, 8410376026962, 2),
	(23, 8410376026962, 3),
	(24, 8410376026962, 5),
	(2, 8410416012542, 2),
	(388, 8410416012542, 3),
	(3, 8410416012542, 5),
	(1, 8410416012542, 16),
	(162, 8410500006082, 2),
	(163, 8410500006105, 2),
	(164, 8410500006105, 3),
	(172, 8410500006150, 2),
	(173, 8410500006150, 3),
	(158, 8410500010768, 2),
	(159, 8410500010768, 3),
	(335, 8410590110041, 3),
	(309, 8410603064262, 1),
	(339, 8410655001130, 3),
	(230, 8410762220042, 1),
	(231, 8410762220042, 2),
	(232, 8410762220042, 3),
	(218, 8410762220059, 2),
	(219, 8410762220059, 3),
	(291, 8410762220806, 2),
	(292, 8410762220806, 3),
	(342, 8410793226433, 3),
	(343, 8411327022125, 3),
	(334, 8411327022286, 3),
	(347, 8411327122283, 3),
	(113, 8411700004250, 2),
	(319, 8412480401000, 8),
	(332, 8412598000096, 3),
	(330, 8412598004049, 3),
	(344, 8412598004278, 3),
	(338, 8412598004896, 3),
	(345, 8412598004933, 3),
	(354, 8412600009345, 5),
	(353, 8412600009345, 16),
	(360, 8412600100325, 3),
	(361, 8412600100325, 5),
	(337, 8413681300895, 3),
	(326, 8422237251949, 1),
	(410, 8422237251949, 3),
	(312, 8427610000060, 8),
	(313, 8427610000060, 9),
	(304, 8429583017861, 8),
	(58, 8431876005066, 2),
	(59, 8431876005066, 3),
	(60, 8431876005066, 5),
	(33, 8431876005080, 1),
	(34, 8431876005080, 2),
	(35, 8431876005080, 3),
	(36, 8431876005080, 4),
	(37, 8431876005080, 5),
	(192, 8431876007688, 1),
	(193, 8431876007688, 3),
	(106, 8431876011920, 2),
	(107, 8431876011937, 2),
	(99, 8431876011944, 2),
	(293, 8431876013481, 1),
	(294, 8431876013481, 2),
	(295, 8431876013481, 3),
	(296, 8431876013481, 5),
	(297, 8431876013481, 8),
	(233, 8431876013498, 1),
	(234, 8431876013498, 2),
	(235, 8431876013498, 3),
	(236, 8431876013498, 5),
	(237, 8431876013498, 8),
	(333, 8431876013689, 3),
	(213, 8431876045871, 1),
	(214, 8431876045871, 3),
	(183, 8431876046540, 1),
	(184, 8431876046540, 3),
	(194, 8431876073621, 1),
	(195, 8431876073621, 3),
	(301, 8431876082739, 2),
	(302, 8431876082739, 3),
	(303, 8431876082739, 5),
	(91, 8431876099096, 2),
	(84, 8431876114263, 2),
	(405, 8431876114263, 3),
	(247, 8431876118650, 1),
	(248, 8431876118650, 2),
	(249, 8431876118650, 3),
	(250, 8431876118650, 5),
	(251, 8431876118650, 8),
	(44, 8431876128956, 2),
	(45, 8431876128956, 3),
	(46, 8431876128956, 5),
	(174, 8431876172102, 2),
	(175, 8431876172102, 7),
	(111, 8431876172164, 2),
	(112, 8431876172171, 2),
	(101, 8431876172188, 2),
	(103, 8431876234121, 2),
	(104, 8431876234138, 2),
	(298, 8431876241068, 2),
	(299, 8431876241068, 3),
	(300, 8431876241068, 5),
	(62, 8431876245875, 2),
	(63, 8431876245875, 3),
	(64, 8431876245875, 4),
	(65, 8431876245875, 5),
	(25, 8431876246926, 2),
	(26, 8431876246926, 3),
	(27, 8431876246926, 4),
	(28, 8431876246926, 5),
	(108, 8431876246957, 2),
	(105, 8431876246964, 2),
	(109, 8431876246971, 2),
	(19, 8431876248296, 2),
	(20, 8431876248296, 3),
	(21, 8431876248296, 5),
	(41, 8431876248302, 2),
	(42, 8431876248302, 3),
	(43, 8431876248302, 5),
	(73, 8431876253771, 2),
	(74, 8431876253771, 3),
	(75, 8431876253771, 4),
	(76, 8431876253771, 5),
	(286, 8431876260700, 1),
	(287, 8431876260700, 2),
	(288, 8431876260700, 3),
	(289, 8431876260700, 5),
	(290, 8431876260700, 8),
	(225, 8431876260717, 1),
	(226, 8431876260717, 2),
	(227, 8431876260717, 3),
	(228, 8431876260717, 5),
	(229, 8431876260717, 8),
	(185, 8431876261608, 2),
	(186, 8431876261608, 5),
	(96, 8431876261776, 2),
	(382, 8431876266832, 2),
	(417, 8431876266832, 3),
	(384, 8431876266849, 2),
	(418, 8431876266849, 3),
	(400, 8431876268577, 2),
	(399, 8431876268584, 2),
	(15, 8431876275230, 2),
	(16, 8431876275230, 3),
	(17, 8431876275230, 4),
	(18, 8431876275230, 5),
	(365, 8431876276022, 3),
	(38, 8431876276947, 2),
	(39, 8431876276947, 3),
	(40, 8431876276947, 5),
	(352, 8431876279382, 3),
	(351, 8431876281002, 5),
	(356, 8431876281088, 1),
	(357, 8431876281088, 2),
	(358, 8431876281088, 3),
	(359, 8431876281088, 5),
	(166, 8431876287288, 2),
	(387, 8431876288445, 3),
	(321, 8431876288643, 8),
	(318, 8431876288650, 8),
	(94, 8431876291247, 2),
	(81, 8431876291254, 2),
	(368, 8431876292664, 3),
	(369, 8431876292664, 5),
	(167, 8431876294293, 2),
	(168, 8431876294309, 2),
	(176, 8431876294316, 2),
	(406, 8431876294316, 3),
	(179, 8431876294323, 2),
	(407, 8431876294323, 3),
	(350, 8431876296471, 3),
	(348, 8431876299427, 3),
	(349, 8431876299427, 5),
	(366, 8431876299434, 3),
	(367, 8431876299434, 5),
	(370, 8431876299472, 1),
	(371, 8431876299472, 2),
	(372, 8431876299472, 3),
	(373, 8431876299472, 5),
	(177, 8431876300369, 2),
	(178, 8431876300369, 3),
	(165, 8431876300420, 2),
	(150, 8431876300444, 2),
	(156, 8431876300505, 2),
	(157, 8431876300505, 3),
	(180, 8431876300512, 2),
	(181, 8431876300512, 3),
	(151, 8431876300529, 2),
	(152, 8431876300529, 3),
	(323, 8431876305333, 8),
	(320, 8431876305340, 8),
	(324, 8431876305357, 8),
	(317, 8431876305364, 8),
	(413, 8431876305371, 8),
	(160, 8431876305548, 2),
	(161, 8431876305548, 3),
	(153, 8431876305883, 2),
	(154, 8431876305883, 3),
	(362, 8431876310399, 3),
	(363, 8431876310399, 5),
	(155, 8431876321357, 2),
	(403, 8431876323412, 3),
	(380, 8431876323412, 5),
	(402, 8431876323429, 3),
	(377, 8431876323429, 5),
	(401, 8431876323436, 3),
	(378, 8431876323436, 5),
	(95, 8431876328301, 2),
	(260, 8432022001208, 2),
	(261, 8432022001208, 3),
	(383, 8432425091202, 2),
	(419, 8432425091202, 3),
	(47, 8434165486485, 2),
	(48, 8434165486485, 3),
	(49, 8434165486485, 4),
	(404, 8436033872611, 2),
	(305, 8436033872611, 8),
	(412, 8437000124009, 1),
	(262, 8437003310089, 2),
	(263, 8437003310089, 3),
	(264, 8437003310089, 4),
	(265, 8437003310089, 5),
	(266, 8437003310089, 7),
	(267, 8437003310089, 8),
	(268, 8437003310089, 16),
	(279, 8437003310911, 2),
	(280, 8437003310911, 3),
	(281, 8437003310911, 4),
	(282, 8437003310911, 5),
	(283, 8437003310911, 7),
	(284, 8437003310911, 8),
	(285, 8437003310911, 16),
	(9, 8437005669185, 1),
	(10, 8437005669185, 2),
	(11, 8437005669185, 3),
	(12, 8437005669185, 5),
	(53, 8437022182193, 2),
	(54, 8437022182193, 3),
	(55, 8437022182193, 4),
	(56, 8437022182193, 5),
	(57, 8437022182193, 16),
	(385, 8480000592309, 5),
	(386, 8480000592477, 5),
	(346, 8593868005833, 3),
	(128, 8710100127300, 2),
	(130, 8710100127300, 5),
	(131, 8710100127300, 6),
	(129, 8710100127300, 13);

-- Volcando datos para la tabla foodcheck.web_producto_supermercados: ~362 rows (aproximadamente)
DELETE FROM `web_producto_supermercados`;
INSERT INTO `web_producto_supermercados` (`id`, `producto_id`, `supermercado_id`) VALUES
	(341, 2904070000008, 2),
	(198, 2920710000009, 2),
	(60, 2925035000000, 2),
	(74, 2925062000004, 2),
	(331, 2949515000007, 2),
	(277, 2953577000004, 2),
	(4, 2953652000004, 2),
	(328, 2954266000008, 2),
	(12, 2976772000006, 2),
	(1, 2976928000003, 2),
	(14, 2976929000002, 2),
	(15, 2976931000007, 2),
	(3, 2981438000009, 2),
	(10, 2981439000008, 2),
	(7, 2981440000004, 2),
	(20, 2981441000003, 2),
	(18, 2981591000007, 2),
	(9, 2989345000006, 2),
	(340, 2990072000009, 2),
	(281, 2991873000007, 2),
	(342, 2992801000007, 2),
	(11, 2994682000008, 2),
	(288, 2995944000002, 2),
	(275, 2996514000002, 2),
	(329, 2996925000004, 2),
	(70, 2999340000000, 2),
	(332, 2999792000009, 2),
	(339, 2999793000008, 2),
	(333, 2999794000007, 2),
	(130, 3023290400395, 2),
	(40, 3560070045990, 2),
	(71, 3560070100453, 2),
	(68, 3560070117185, 2),
	(73, 3560070119851, 2),
	(180, 3560070143085, 2),
	(99, 3560070151691, 2),
	(66, 3560070157198, 2),
	(64, 3560070219421, 2),
	(67, 3560070246571, 2),
	(69, 3560070285846, 2),
	(112, 3560070385782, 2),
	(63, 3560070417933, 2),
	(78, 3560070418053, 2),
	(79, 3560070418084, 2),
	(108, 3560070466894, 2),
	(150, 3560070468751, 2),
	(152, 3560070468782, 2),
	(141, 3560070468843, 2),
	(140, 3560070468966, 2),
	(153, 3560070468997, 2),
	(149, 3560070469024, 2),
	(146, 3560070469055, 2),
	(147, 3560070489442, 2),
	(61, 3560070514786, 2),
	(13, 3560070596386, 2),
	(192, 3560070687145, 2),
	(191, 3560070699223, 2),
	(178, 3560070699377, 2),
	(185, 3560070806669, 2),
	(330, 3560070811540, 2),
	(363, 3560070820313, 2),
	(151, 3560070821327, 2),
	(294, 3560070826292, 2),
	(189, 3560070937868, 2),
	(54, 3560070950317, 2),
	(204, 3560071011222, 2),
	(214, 3560071012748, 2),
	(200, 3560071084196, 2),
	(199, 3560071084202, 2),
	(208, 3560071085865, 2),
	(205, 3560071085872, 2),
	(168, 3560071092801, 2),
	(304, 3560071094935, 2),
	(295, 3560071094942, 2),
	(157, 3560071151478, 2),
	(248, 3560071162146, 2),
	(302, 3560071165710, 2),
	(212, 3560071175634, 2),
	(211, 3560071175665, 2),
	(262, 3560071192396, 2),
	(156, 3560071221478, 2),
	(98, 3560071267575, 2),
	(338, 3560071273958, 2),
	(261, 3560071322304, 2),
	(245, 3560071435301, 2),
	(252, 3560071467272, 2),
	(26, 3700123300137, 2),
	(28, 3700123300175, 2),
	(21, 3700123302520, 2),
	(169, 4001724038870, 2),
	(101, 4003994153857, 2),
	(257, 4066600601920, 2),
	(103, 5010029227062, 2),
	(102, 5050083313509, 2),
	(100, 5053827139335, 2),
	(107, 5053827176057, 2),
	(111, 5059319025681, 2),
	(59, 5410126006339, 2),
	(17, 5760725231244, 2),
	(16, 5760725231268, 2),
	(8, 5760725231282, 2),
	(114, 5900020036988, 2),
	(327, 7613031236480, 2),
	(116, 7613031421459, 2),
	(113, 7613031915095, 2),
	(326, 7613032216764, 2),
	(163, 7613032372378, 2),
	(110, 7613033213342, 2),
	(106, 7613034240989, 2),
	(316, 7613036039468, 2),
	(325, 7613036039499, 2),
	(56, 7622210293381, 2),
	(57, 7622300744663, 2),
	(321, 8000070012837, 2),
	(315, 8000070038868, 2),
	(148, 8000139910142, 2),
	(137, 8000139910197, 2),
	(142, 8000139910234, 2),
	(154, 8000139910258, 2),
	(145, 8000139910265, 2),
	(237, 8000500014455, 2),
	(239, 8000500101308, 2),
	(250, 8000500141885, 2),
	(234, 8004735106077, 2),
	(51, 8410000802771, 2),
	(228, 8410010000181, 2),
	(215, 8410010262275, 2),
	(225, 8410010262343, 2),
	(206, 8410032003955, 2),
	(29, 8410055033014, 2),
	(33, 8410055050011, 2),
	(24, 8410055150018, 2),
	(32, 8410055200010, 2),
	(34, 8410055501131, 2),
	(296, 8410084040113, 2),
	(201, 8410090051158, 2),
	(195, 8410090051226, 2),
	(197, 8410090051295, 2),
	(209, 8410090051356, 2),
	(313, 8410091067172, 2),
	(312, 8410091073913, 2),
	(318, 8410091080393, 2),
	(314, 8410091080416, 2),
	(324, 8410091170049, 2),
	(105, 8410100026312, 2),
	(319, 8410121100633, 2),
	(35, 8410128000400, 2),
	(31, 8410128160074, 2),
	(45, 8410180225087, 2),
	(307, 8410184013086, 2),
	(290, 8410184019781, 2),
	(299, 8410184027878, 2),
	(301, 8410184028721, 2),
	(298, 8410184077118, 2),
	(289, 8410184800068, 2),
	(300, 8410184800150, 2),
	(109, 8410188012092, 2),
	(115, 8410188051305, 2),
	(188, 8410199023094, 2),
	(222, 8410270210603, 2),
	(96, 8410285114903, 2),
	(84, 8410297010200, 2),
	(81, 8410297012150, 2),
	(92, 8410297112041, 2),
	(364, 8410320033503, 2),
	(170, 8410320033527, 2),
	(165, 8410320034319, 2),
	(159, 8410320307604, 2),
	(43, 8410376026962, 2),
	(5, 8410416012542, 2),
	(124, 8410500006082, 2),
	(125, 8410500006105, 2),
	(131, 8410500006150, 2),
	(122, 8410500010768, 2),
	(256, 8410590110041, 2),
	(235, 8410603064262, 2),
	(267, 8410655000775, 2),
	(260, 8410655001130, 2),
	(233, 8410660101016, 2),
	(218, 8410660302017, 2),
	(37, 8410728100012, 2),
	(22, 8410728104102, 2),
	(161, 8410762220042, 2),
	(158, 8410762220059, 2),
	(173, 8410762220806, 2),
	(351, 8410783332090, 3),
	(263, 8410793226433, 2),
	(292, 8410830001016, 2),
	(303, 8410830001214, 2),
	(297, 8410830011008, 2),
	(355, 8410946000125, 3),
	(354, 8410946000316, 3),
	(232, 8411190102115, 2),
	(217, 8411190148502, 2),
	(264, 8411327022125, 2),
	(255, 8411327022286, 2),
	(269, 8411327122283, 2),
	(30, 8411547001504, 2),
	(95, 8411700004250, 2),
	(242, 8412480401000, 2),
	(253, 8412598000096, 2),
	(251, 8412598004049, 2),
	(265, 8412598004278, 2),
	(259, 8412598004896, 2),
	(266, 8412598004933, 2),
	(276, 8412600009345, 2),
	(279, 8412600100325, 2),
	(258, 8413681300895, 2),
	(345, 8414243015028, 2),
	(181, 8414702013718, 2),
	(249, 8422237251949, 2),
	(216, 8422767123167, 2),
	(179, 8424136791144, 2),
	(6, 8424219086839, 2),
	(284, 8424465971804, 2),
	(238, 8427610000060, 2),
	(187, 8427735112235, 2),
	(196, 8429583017861, 2),
	(53, 8431876005066, 2),
	(46, 8431876005080, 2),
	(143, 8431876007688, 2),
	(346, 8431876008142, 2),
	(88, 8431876011920, 2),
	(89, 8431876011937, 2),
	(80, 8431876011944, 2),
	(174, 8431876013481, 2),
	(162, 8431876013498, 2),
	(254, 8431876013689, 2),
	(308, 8431876027693, 2),
	(320, 8431876027709, 2),
	(155, 8431876045871, 2),
	(138, 8431876046540, 2),
	(193, 8431876047455, 2),
	(226, 8431876065848, 2),
	(335, 8431876066210, 2),
	(202, 8431876069556, 2),
	(144, 8431876073621, 2),
	(182, 8431876082739, 2),
	(72, 8431876099096, 2),
	(25, 8431876100006, 2),
	(27, 8431876100037, 2),
	(203, 8431876105483, 2),
	(210, 8431876105490, 2),
	(65, 8431876114263, 2),
	(207, 8431876117530, 2),
	(164, 8431876118650, 2),
	(49, 8431876128956, 2),
	(224, 8431876144680, 2),
	(219, 8431876144697, 2),
	(190, 8431876145908, 2),
	(183, 8431876145915, 2),
	(36, 8431876159899, 2),
	(231, 8431876161625, 2),
	(229, 8431876161632, 2),
	(221, 8431876161649, 2),
	(230, 8431876161656, 2),
	(176, 8431876171501, 2),
	(132, 8431876172102, 2),
	(93, 8431876172164, 2),
	(94, 8431876172171, 2),
	(83, 8431876172188, 2),
	(272, 8431876211016, 2),
	(194, 8431876211191, 2),
	(186, 8431876225341, 2),
	(287, 8431876233964, 2),
	(85, 8431876234121, 2),
	(86, 8431876234138, 2),
	(175, 8431876241068, 2),
	(55, 8431876245875, 2),
	(44, 8431876246926, 2),
	(90, 8431876246957, 2),
	(87, 8431876246964, 2),
	(91, 8431876246971, 2),
	(42, 8431876248296, 2),
	(48, 8431876248302, 2),
	(58, 8431876253771, 2),
	(172, 8431876260700, 2),
	(160, 8431876260717, 2),
	(139, 8431876261608, 2),
	(77, 8431876261776, 2),
	(227, 8431876262124, 2),
	(337, 8431876264838, 2),
	(344, 8431876264876, 2),
	(310, 8431876266832, 2),
	(323, 8431876266849, 2),
	(220, 8431876267853, 2),
	(97, 8431876268577, 2),
	(82, 8431876268584, 2),
	(184, 8431876273274, 2),
	(311, 8431876275018, 2),
	(317, 8431876275032, 2),
	(309, 8431876275049, 2),
	(41, 8431876275230, 2),
	(282, 8431876276022, 2),
	(47, 8431876276947, 2),
	(274, 8431876279382, 2),
	(273, 8431876281002, 2),
	(278, 8431876281088, 2),
	(127, 8431876287288, 2),
	(2, 8431876288445, 2),
	(244, 8431876288643, 2),
	(241, 8431876288650, 2),
	(177, 8431876291223, 2),
	(75, 8431876291247, 2),
	(62, 8431876291254, 2),
	(285, 8431876292664, 2),
	(128, 8431876294293, 2),
	(129, 8431876294309, 2),
	(133, 8431876294316, 2),
	(135, 8431876294323, 2),
	(271, 8431876296471, 2),
	(270, 8431876299427, 2),
	(283, 8431876299434, 2),
	(286, 8431876299472, 2),
	(134, 8431876300369, 2),
	(126, 8431876300420, 2),
	(117, 8431876300444, 2),
	(121, 8431876300505, 2),
	(136, 8431876300512, 2),
	(118, 8431876300529, 2),
	(347, 8431876304367, 2),
	(246, 8431876305333, 2),
	(243, 8431876305340, 2),
	(247, 8431876305357, 2),
	(240, 8431876305364, 2),
	(365, 8431876305371, 2),
	(123, 8431876305548, 2),
	(119, 8431876305883, 2),
	(23, 8431876306934, 2),
	(38, 8431876306965, 2),
	(39, 8431876306972, 2),
	(280, 8431876310399, 2),
	(343, 8431876312249, 2),
	(334, 8431876318128, 2),
	(120, 8431876321357, 2),
	(336, 8431876323023, 2),
	(306, 8431876323412, 2),
	(291, 8431876323429, 2),
	(293, 8431876323436, 2),
	(305, 8431876325751, 2),
	(76, 8431876328301, 2),
	(166, 8432022001208, 2),
	(322, 8432425091202, 2),
	(50, 8434165486485, 2),
	(223, 8435291300102, 2),
	(213, 8436033872611, 2),
	(236, 8437000124009, 2),
	(167, 8437003310089, 2),
	(171, 8437003310911, 2),
	(19, 8437005669185, 2),
	(52, 8437022182193, 2),
	(358, 8480000160430, 3),
	(359, 8480000160447, 3),
	(362, 8480000171085, 3),
	(360, 8480000171320, 3),
	(361, 8480000171511, 3),
	(357, 8480000198082, 3),
	(353, 8480000198594, 3),
	(356, 8480000198976, 3),
	(348, 8480000592309, 3),
	(350, 8480000592330, 3),
	(349, 8480000592477, 3),
	(352, 8480000592569, 3),
	(268, 8593868005833, 2),
	(104, 8710100127300, 2);

-- Volcando datos para la tabla foodcheck.web_supermercado: ~1 rows (aproximadamente)
DELETE FROM `web_supermercado`;
INSERT INTO `web_supermercado` (`id`, `nombre`, `foto`) VALUES
	(2, 'Carrefour', 'https://1000marcas.net/wp-content/uploads/2020/11/Carrefour-Logo.png'),
	(3, 'Mercadona', 'https://1000marcas.net/wp-content/uploads/2021/09/Mercadona-Logo.png');

/*!40103 SET TIME_ZONE=IFNULL(@OLD_TIME_ZONE, 'system') */;
/*!40101 SET SQL_MODE=IFNULL(@OLD_SQL_MODE, '') */;
/*!40014 SET FOREIGN_KEY_CHECKS=IFNULL(@OLD_FOREIGN_KEY_CHECKS, 1) */;
/*!40101 SET CHARACTER_SET_CLIENT=@OLD_CHARACTER_SET_CLIENT */;
/*!40111 SET SQL_NOTES=IFNULL(@OLD_SQL_NOTES, 1) */;
